anime_id,genre
1,Action
5,Action
6,Action
7,Action
8,Action
16,Comedy
18,Action
19,Drama
20,Action
21,Action
24,Comedy
25,Action
26,Avant Garde
27,Action
28,Comedy
29,Action
30,Avant Garde
31,Drama
32,Avant Garde
33,Action
43,Mystery
44,Action
45,Action
47,Action
48,Adventure
49,Comedy
50,Comedy
51,Action
52,Comedy
53,Comedy
55,Action
58,Adventure
59,Comedy
60,Action
61,Action
62,Drama
63,Comedy
64,Action
65,Action
67,Action
68,Action
69,Action
72,Action
75,Drama
76,Action
77,Action
79,Comedy
80,Drama
81,Adventure
82,Drama
83,Drama
84,Adventure
85,Drama
86,Comedy
87,Drama
88,Drama
89,Drama
90,Drama
91,Drama
92,Adventure
93,Drama
94,Drama
95,Adventure
96,Drama
97,Action
98,Action
99,Comedy
100,Drama
101,Drama
102,Comedy
103,Adventure
104,Adventure
105,Comedy
106,Drama
107,Adventure
108,Adventure
109,Adventure
110,Action
111,Adventure
113,Romance
115,Adventure
116,Adventure
117,Adventure
118,Adventure
119,Comedy
120,Drama
121,Action
122,Comedy
123,Action
124,Adventure
125,Comedy
126,Comedy
127,Comedy
128,Drama
129,Action
130,Action
131,Action
132,Action
133,Comedy
134,Action
135,Comedy
136,Action
137,Action
138,Action
139,Action
142,Action
143,Drama
144,Drama
145,Comedy
146,Comedy
147,Drama
148,Drama
149,Boys Love
150,Action
151,Action
152,Action
153,Action
154,Action
155,Action
156,Action
157,Action
158,Drama
159,Adventure
160,Adventure
161,Action
162,Comedy
163,Adventure
164,Action
165,Drama
167,Adventure
168,Action
169,Action
171,Adventure
173,Mystery
174,Action
175,Action
176,Adventure
177,Action
178,Comedy
179,Comedy
180,Sci-Fi
181,Sci-Fi
182,Adventure
185,Action
186,Action
187,Action
189,Comedy
190,Comedy
191,Comedy
192,Adventure
193,Comedy
194,Adventure
195,Drama
196,Comedy
197,Comedy
198,Action
199,Adventure
200,Comedy
201,Comedy
202,Action
204,Action
205,Action
206,Action
207,Action
208,Action
209,Action
210,Action
212,Adventure
215,Comedy
218,Comedy
219,Drama
222,Action
223,Action
225,Action
226,Action
227,Avant Garde
228,Horror
230,Action
231,Action
232,Adventure
233,Comedy
234,Adventure
235,Adventure
236,Action
237,Adventure
238,Action
239,Drama
241,Comedy
242,Action
243,Boys Love
246,Action
247,Fantasy
248,Comedy
249,Action
250,Action
251,Adventure
252,Drama
255,Comedy
256,Drama
257,Action
258,Drama
259,Comedy
260,Comedy
261,Comedy
262,Comedy
266,Drama
267,Action
268,Adventure
269,Action
270,Action
271,Adventure
272,Action
273,Fantasy
276,Comedy
277,Comedy
278,Action
279,Horror
280,Adventure
282,Action
284,Action
285,Adventure
286,Adventure
288,Adventure
289,Comedy
290,Action
291,Comedy
292,Drama
293,Comedy
295,Adventure
296,Action
297,Action
298,Adventure
300,Action
301,Action
302,Adventure
303,Comedy
304,Comedy
306,Comedy
308,Drama
310,Comedy
311,Drama
312,Drama
313,Drama
314,Drama
315,Action
317,Action
318,Comedy
322,Drama
323,Avant Garde
324,Comedy
325,Drama
326,Horror
327,Comedy
329,Drama
330,Comedy
331,Adventure
332,Adventure
333,Comedy
334,Comedy
335,Comedy
336,Drama
337,Comedy
338,Drama
339,Avant Garde
341,Drama
342,Drama
343,Comedy
344,Drama
345,Drama
346,Drama
347,Action
348,Comedy
349,Drama
355,Action
356,Action
357,Comedy
358,Drama
360,Adventure
362,Drama
363,Drama
365,Boys Love
369,Avant Garde
370,Action
371,Comedy
372,Comedy
373,Adventure
374,Action
375,Adventure
376,Drama
377,Action
378,Action
379,Comedy
380,Action
381,Action
382,Comedy
383,Comedy
384,Action
385,Drama
386,Comedy
387,Drama
389,Action
390,Drama
391,Adventure
392,Action
393,Adventure
394,Comedy
395,Action
396,Action
397,Action
398,Action
399,Action
400,Action
401,Drama
402,Adventure
403,Comedy
404,Action
405,Horror
406,Sci-Fi
407,Comedy
408,Action
411,Adventure
412,Comedy
415,Comedy
416,Action
417,Action
418,Adventure
419,Action
420,Adventure
421,Comedy
422,Comedy
423,Comedy
424,Adventure
425,Boys Love
427,Comedy
428,Comedy
429,Comedy
430,Action
431,Adventure
432,Action
433,Drama
435,Adventure
437,Avant Garde
438,Action
440,Drama
441,Avant Garde
442,Action
443,Comedy
444,Drama
445,Adventure
446,Action
447,Action
448,Action
449,Action
450,Action
451,Action
452,Action
454,Comedy
455,Adventure
457,Adventure
458,Comedy
459,Action
460,Action
461,Action
462,Action
463,Action
464,Action
465,Action
466,Action
467,Mystery
468,Mystery
469,Comedy
470,Comedy
471,Comedy
472,Drama
473,Action
474,Drama
475,Drama
476,Drama
477,Sci-Fi
478,Fantasy
479,Action
481,Action
482,Action
483,Action
484,Adventure
486,Adventure
487,Comedy
489,Slice of Life
493,Mystery
495,Adventure
496,Adventure
497,Adventure
498,Adventure
499,Adventure
501,Adventure
502,Action
504,Action
506,Drama
507,Boys Love
508,Adventure
509,Comedy
511,Adventure
512,Adventure
513,Adventure
514,Drama
516,Comedy
517,Comedy
519,Comedy
522,Adventure
523,Adventure
524,Comedy
525,Adventure
526,Drama
527,Action
528,Action
529,Drama
531,Drama
534,Action
535,Action
536,Adventure
538,Comedy
539,Action
540,Action
541,Action
543,Action
544,Action
547,Drama
548,Action
550,Action
552,Action
553,Boys Love
554,Adventure
555,Comedy
557,Comedy
559,Drama
560,Drama
561,Adventure
562,Adventure
563,Comedy
564,Comedy
565,Action
566,Action
567,Mystery
568,Adventure
569,Comedy
570,Action
572,Adventure
573,Adventure
576,Comedy
579,Comedy
580,Comedy
581,Comedy
582,Action
584,Adventure
585,Drama
586,Horror
587,Drama
589,Action
590,Comedy
591,Comedy
592,Adventure
593,Drama
594,Action
595,Action
596,Comedy
597,Adventure
598,Drama
599,Action
601,Avant Garde
602,Adventure
603,Action
604,Comedy
605,Comedy
606,Action
607,Adventure
608,Adventure
609,Drama
610,Comedy
612,Comedy
613,Adventure
617,Action
618,Action
620,Drama
621,Action
622,Drama
623,Adventure
626,Comedy
629,Comedy
630,Comedy
631,Comedy
632,Comedy
633,Adventure
634,Drama
635,Action
636,Action
637,Comedy
641,Comedy
642,Romance
644,Comedy
646,Comedy
647,Adventure
648,Comedy
649,Comedy
650,Action
652,Comedy
653,Comedy
654,Comedy
655,Comedy
656,Comedy
660,Comedy
661,Drama
664,Adventure
665,Action
666,Action
667,Comedy
670,Drama
677,Drama
678,Action
679,Action
682,Comedy
683,Comedy
684,Fantasy
685,Drama
687,Romance
690,Action
691,Comedy
693,Action
694,Comedy
696,Comedy
704,Drama
706,Comedy
707,Comedy
708,Adventure
709,Action
710,Comedy
711,Drama
712,Adventure
713,Drama
714,Comedy
715,Comedy
718,Comedy
721,Drama
722,Comedy
723,Drama
729,Comedy
731,Adventure
732,Action
738,Action
743,Drama
744,Comedy
751,Action
754,Adventure
757,Adventure
758,Drama
759,Comedy
760,Action
761,Adventure
762,Action
763,Adventure
764,Adventure
769,Comedy
770,Drama
771,Drama
773,Adventure
776,Comedy
777,Action
779,Adventure
780,Adventure
781,Adventure
782,Drama
783,Comedy
785,Comedy
789,Drama
790,Mystery
791,Action
792,Adventure
793,Comedy
795,Drama
796,Adventure
797,Comedy
800,Sci-Fi
801,Mystery
807,Action
808,Action
810,Comedy
811,Comedy
812,Adventure
813,Action
814,Comedy
817,Comedy
818,Comedy
820,Drama
821,Action
822,Action
825,Adventure
831,Comedy
833,Comedy
834,Action
835,Drama
836,Comedy
837,Comedy
839,Action
840,Comedy
842,Action
844,Adventure
845,Action
846,Comedy
849,Comedy
850,Boys Love
851,Action
852,Comedy
853,Comedy
854,Action
855,Drama
856,Action
857,Sports
859,Adventure
860,Action
861,Comedy
863,Comedy
865,Adventure
866,Action
867,Adventure
868,Adventure
869,Adventure
870,Comedy
872,Adventure
873,Adventure
874,Adventure
875,Adventure
876,Action
877,Drama
878,Romance
879,Drama
880,Comedy
882,Action
883,Action
884,Action
885,Avant Garde
886,Comedy
890,Adventure
891,Action
892,Action
893,Action
894,Action
895,Action
896,Action
897,Action
898,Action
899,Action
900,Action
901,Action
902,Action
903,Action
905,Action
906,Action
908,Comedy
909,Adventure
910,Action
911,Adventure
913,Action
914,Comedy
915,Adventure
916,Action
918,Action
919,Drama
924,Adventure
925,Adventure
926,Adventure
927,Adventure
928,Adventure
929,Adventure
930,Drama
932,Comedy
934,Horror
935,Action
936,Action
940,Comedy
941,Comedy
942,Comedy
943,Drama
944,Action
949,Comedy
953,Action
956,Adventure
957,Adventure
958,Action
959,Adventure
960,Adventure
962,Sci-Fi
963,Drama
965,Comedy
966,Comedy
967,Action
968,Action
969,Action
970,Action
971,Action
973,Adventure
974,Action
975,Sci-Fi
976,Sci-Fi
978,Adventure
979,Action
980,Comedy
981,Comedy
984,Action
985,Adventure
986,Adventure
987,Action
990,Comedy
992,Comedy
993,Comedy
996,Adventure
997,Adventure
998,Action
999,Action
1000,Action
1001,Adventure
1002,Comedy
1003,Comedy
1005,Adventure
1006,Action
1007,Action
1008,Comedy
1010,Action
1011,Action
1013,Mystery
1014,Comedy
1016,Drama
1017,Action
1018,Adventure
1019,Action
1020,Action
1021,Drama
1022,Action
1023,Action
1024,Action
1025,Adventure
1029,Drama
1032,Adventure
1033,Action
1034,Action
1035,Adventure
1039,Drama
1040,Drama
1043,Action
1044,Adventure
1045,Adventure
1046,Adventure
1048,Horror
1049,Drama
1050,Adventure
1051,Adventure
1056,Comedy
1057,Action
1060,Comedy
1062,Action
1064,Adventure
1065,Drama
1067,Drama
1068,Adventure
1069,Adventure
1070,Comedy
1078,Comedy
1079,Mystery
1080,Action
1081,Action
1082,Comedy
1085,Adventure
1086,Adventure
1087,Comedy
1088,Romance
1089,Romance
1090,Adventure
1091,Drama
1092,Adventure
1093,Drama
1094,Action
1096,Drama
1101,Action
1103,Comedy
1104,Comedy
1107,Action
1108,Action
1109,Drama
1111,Adventure
1112,Adventure
1116,Drama
1117,Adventure
1118,Action
1119,Adventure
1120,Adventure
1121,Adventure
1122,Action
1123,Action
1124,Romance
1126,Sci-Fi
1127,Comedy
1128,Comedy
1129,Comedy
1130,Action
1132,Action
1133,Comedy
1135,Action
1136,Adventure
1137,Adventure
1138,Adventure
1140,Adventure
1141,Adventure
1142,Drama
1143,Adventure
1144,Drama
1145,Action
1146,Comedy
1147,Action
1149,Adventure
1151,Comedy
1152,Comedy
1153,Action
1157,Action
1158,Adventure
1159,Adventure
1161,Adventure
1163,Adventure
1164,Action
1165,Adventure
1166,Adventure
1168,Adventure
1169,Adventure
1170,Adventure
1171,Adventure
1172,Action
1174,Fantasy
1175,Comedy
1177,Horror
1179,Adventure
1180,Action
1181,Action
1182,Action
1184,Adventure
1185,Comedy
1186,Adventure
1187,Comedy
1189,Action
1191,Comedy
1192,Horror
1193,Comedy
1194,Adventure
1195,Action
1198,Comedy
1202,Action
1204,Drama
1205,Adventure
1207,Drama
1208,Adventure
1210,Comedy
1211,Adventure
1212,Adventure
1217,Boys Love
1218,Comedy
1219,Comedy
1222,Drama
1225,Action
1230,Adventure
1231,Adventure
1232,Comedy
1233,Action
1235,Comedy
1236,Adventure
1237,Action
1238,Action
1241,Drama
1243,Drama
1246,Action
1247,Adventure
1248,Drama
1249,Adventure
1250,Action
1251,Adventure
1253,Action
1254,Action
1255,Adventure
1256,Adventure
1257,Action
1258,Adventure
1259,Action
1260,Adventure
1261,Comedy
1262,Adventure
1264,Adventure
1265,Adventure
1266,Adventure
1276,Action
1277,Action
1278,Comedy
1279,Adventure
1280,Comedy
1281,Horror
1288,Comedy
1289,Comedy
1290,Mystery
1292,Action
1293,Comedy
1295,Action
1296,Comedy
1297,Comedy
1298,Comedy
1301,Adventure
1302,Adventure
1303,Action
1311,Comedy
1312,Adventure
1313,Action
1314,Action
1316,Fantasy
1325,Adventure
1327,Romance
1328,Comedy
1335,Comedy
1336,Action
1337,Comedy
1344,Action
1346,Adventure
1347,Adventure
1348,Adventure
1351,Action
1352,Action
1356,Action
1357,Action
1358,Action
1363,Adventure
1364,Adventure
1365,Adventure
1366,Adventure
1367,Adventure
1368,Comedy
1369,Adventure
1370,Avant Garde
1371,Adventure
1372,Action
1374,Action
1375,Comedy
1377,Drama
1379,Adventure
1380,Adventure
1381,Action
1382,Adventure
1384,Action
1391,Adventure
1392,Drama
1393,Drama
1394,Drama
1395,Drama
1396,Drama
1397,Adventure
1398,Adventure
1399,Comedy
1400,Adventure
1409,Sci-Fi
1412,Action
1413,Action
1414,Action
1415,Action
1416,Action
1417,Action
1418,Action
1419,Action
1420,Action
1421,Action
1422,Action
1423,Action
1424,Action
1425,Action
1426,Action
1428,Action
1429,Action
1430,Action
1431,Action
1432,Action
1433,Action
1434,Action
1435,Action
1436,Action
1437,Action
1438,Action
1439,Action
1441,Drama
1443,Action
1444,Adventure
1448,Adventure
1450,Adventure
1453,Comedy
1454,Action
1456,Action
1457,Drama
1458,Adventure
1459,Adventure
1460,Adventure
1462,Drama
1466,Adventure
1468,Action
1469,Action
1470,Action
1471,Action
1472,Action
1473,Action
1474,Action
1475,Action
1476,Action
1477,Action
1478,Adventure
1481,Action
1482,Action
1483,Adventure
1484,Action
1485,Comedy
1486,Comedy
1487,Adventure
1488,Action
1489,Comedy
1490,Action
1491,Adventure
1493,Action
1495,Drama
1497,Drama
1498,Action
1500,Comedy
1503,Adventure
1504,Drama
1505,Adventure
1506,Adventure
1508,Drama
1509,Adventure
1514,Comedy
1516,Comedy
1517,Action
1520,Drama
1521,Drama
1524,Slice of Life
1525,Action
1526,Action
1527,Adventure
1530,Drama
1531,Comedy
1532,Boys Love
1533,Comedy
1534,Action
1535,Supernatural
1536,Action
1537,Action
1538,Action
1539,Romance
1540,Romance
1542,Adventure
1543,Comedy
1546,Comedy
1547,Comedy
1548,Drama
1549,Adventure
1550,Drama
1553,Action
1554,Drama
1555,Comedy
1556,Horror
1557,Action
1559,Action
1563,Adventure
1564,Action
1565,Action
1566,Mystery
1567,Adventure
1568,Action
1569,Comedy
1570,Comedy
1571,Horror
1573,Action
1574,Adventure
1575,Drama
1576,Action
1577,Action
1578,Adventure
1581,Comedy
1582,Action
1584,Comedy
1588,Comedy
1589,Drama
1590,Action
1591,Comedy
1592,Comedy
1594,Horror
1598,Adventure
1599,Action
1600,Comedy
1601,Drama
1602,Drama
1604,Action
1606,Action
1607,Drama
1608,Action
1618,Action
1619,Comedy
1624,Drama
1629,Action
1637,Boys Love
1638,Adventure
1642,Comedy
1645,Action
1648,Comedy
1650,Action
1651,Action
1652,Action
1654,Comedy
1658,Action
1659,Comedy
1660,Action
1661,Action
1662,Drama
1663,Adventure
1666,Adventure
1668,Action
1669,Action
1670,Action
1671,Action
1672,Comedy
1676,Action
1677,Adventure
1678,Action
1679,Comedy
1681,Action
1682,Drama
1683,Comedy
1686,Action
1689,Drama
1690,Drama
1691,Action
1694,Comedy
1696,Action
1698,Comedy
1699,Drama
1701,Comedy
1703,Action
1704,Action
1706,Action
1707,Comedy
1709,Action
1710,Action
1713,Action
1718,Drama
1719,Action
1720,Comedy
1721,Drama
1722,Comedy
1723,Drama
1724,Adventure
1726,Action
1727,Drama
1729,Drama
1731,Action
1732,Comedy
1733,Action
1734,Comedy
1735,Action
1736,Action
1737,Adventure
1738,Action
1742,Drama
1744,Adventure
1746,Adventure
1747,Action
1748,Comedy
1749,Comedy
1750,Comedy
1760,Action
1761,Action
1762,Action
1768,Adventure
1769,Action
1773,Action
1774,Action
1777,Action
1778,Adventure
1792,Adventure
1793,Action
1794,Action
1795,Action
1796,Action
1797,Comedy
1798,Comedy
1799,Action
1800,Action
1802,Action
1803,Action
1804,Slice of Life
1805,Action
1806,Action
1807,Action
1808,Comedy
1810,Drama
1815,Action
1816,Action
1817,Comedy
1818,Action
1822,Action
1823,Action
1824,Drama
1826,Adventure
1827,Action
1829,Adventure
1830,Action
1832,Drama
1835,Action
1836,Comedy
1837,Action
1839,Adventure
1840,Action
1844,Action
1846,Drama
1847,Comedy
1848,Adventure
1849,Adventure
1853,Action
1854,Action
1857,Drama
1860,Action
1862,Action
1864,Drama
1865,Action
1867,Adventure
1868,Adventure
1869,Comedy
1873,Action
1879,Action
1880,Action
1889,Horror
1891,Adventure
1892,Adventure
1893,Comedy
1894,Adventure
1897,Adventure
1898,Action
1900,Comedy
1901,Action
1902,Comedy
1903,Action
1904,Fantasy
1905,Fantasy
1906,Drama
1907,Comedy
1910,Adventure
1911,Comedy
1913,Action
1914,Adventure
1915,Action
1919,Adventure
1920,Action
1921,Action
1922,Action
1923,Action
1924,Action
1925,Action
1929,Action
1935,Mystery
1938,Action
1941,Adventure
1942,Adventure
1943,Avant Garde
1944,Adventure
1946,Adventure
1951,Adventure
1952,Action
1954,Adventure
1956,Action
1957,Adventure
1959,Action
1960,Comedy
1961,Adventure
1962,Action
1964,Adventure
1965,Drama
1967,Drama
1968,Drama
1969,Drama
1972,Action
1974,Drama
1977,Action
1978,Action
1980,Comedy
1981,Mystery
1988,Action
1994,Adventure
1996,Comedy
1999,Drama
2000,Comedy
2001,Adventure
2004,Comedy
2006,Adventure
2008,Comedy
2009,Comedy
2010,Action
2011,Action
2012,Comedy
2013,Action
2014,Action
2016,Drama
2017,Drama
2018,Horror
2020,Comedy
2025,Action
2026,Action
2027,Drama
2029,Drama
2030,Adventure
2031,Action
2032,Action
2034,Comedy
2035,Drama
2036,Adventure
2037,Comedy
2041,Comedy
2042,Drama
2043,Action
2044,Comedy
2045,Comedy
2046,Comedy
2050,Comedy
2052,Romance
2055,Adventure
2059,Comedy
2060,Adventure
2061,Action
2062,Action
2067,Comedy
2068,Adventure
2071,Drama
2074,Adventure
2075,Adventure
2084,Adventure
2085,Adventure
2086,Adventure
2087,Comedy
2089,Adventure
2090,Adventure
2097,Action
2098,Comedy
2099,Adventure
2100,Adventure
2102,Adventure
2104,Comedy
2105,Drama
2107,Action
2108,Action
2109,Adventure
2110,Adventure
2111,Action
2113,Action
2114,Action
2123,Action
2125,Action
2126,Action
2127,Adventure
2128,Adventure
2129,Drama
2130,Action
2131,Comedy
2132,Comedy
2133,Drama
2141,Adventure
2142,Adventure
2143,Action
2144,Action
2150,Adventure
2151,Adventure
2152,Comedy
2154,Action
2156,Action
2158,Action
2161,Action
2164,Adventure
2165,Comedy
2167,Drama
2168,Adventure
2170,Romance
2171,Adventure
2172,Comedy
2174,Action
2175,Adventure
2178,Action
2180,Comedy
2182,Fantasy
2193,Adventure
2196,Adventure
2198,Comedy
2199,Adventure
2200,Drama
2201,Action
2202,Action
2203,Action
2204,Mystery
2205,Comedy
2206,Comedy
2207,Adventure
2210,Drama
2214,Action
2216,Action
2217,Comedy
2221,Comedy
2222,Comedy
2223,Fantasy
2224,Romance
2228,Comedy
2229,Action
2230,Adventure
2234,Comedy
2235,Drama
2236,Drama
2237,Comedy
2243,Action
2245,Drama
2246,Horror
2251,Action
2252,Action
2253,Drama
2257,Drama
2259,Comedy
2260,Comedy
2261,Horror
2263,Adventure
2264,Adventure
2273,Drama
2277,Adventure
2279,Adventure
2281,Adventure
2283,Sci-Fi
2284,Adventure
2285,Adventure
2286,Adventure
2288,Adventure
2289,Adventure
2290,Adventure
2291,Sci-Fi
2293,Action
2294,Drama
2298,Drama
2302,Comedy
2303,Comedy
2309,Comedy
2312,Action
2313,Adventure
2314,Adventure
2319,Action
2321,Drama
2330,Adventure
2331,Action
2332,Adventure
2333,Adventure
2334,Adventure
2336,Comedy
2337,Adventure
2354,Horror
2355,Horror
2356,Horror
2361,Adventure
2363,Adventure
2367,Comedy
2369,Action
2383,Action
2385,Comedy
2386,Comedy
2387,Drama
2389,Action
2390,Action
2392,Adventure
2393,Adventure
2397,Adventure
2398,Adventure
2399,Adventure
2400,Comedy
2402,Drama
2403,Comedy
2404,Action
2407,Comedy
2408,Action
2409,Adventure
2414,Comedy
2415,Adventure
2416,Adventure
2418,Action
2419,Romance
2420,Drama
2421,Comedy
2422,Action
2427,Adventure
2428,Adventure
2429,Adventure
2449,Mystery
2450,Comedy
2451,Action
2452,Action
2454,Comedy
2456,Adventure
2458,Comedy
2459,Comedy
2460,Comedy
2463,Action
2464,Adventure
2468,Drama
2470,Action
2471,Adventure
2472,Action
2474,Adventure
2484,Adventure
2485,Comedy
2486,Comedy
2487,Adventure
2488,Adventure
2489,Comedy
2490,Comedy
2491,Drama
2492,Drama
2493,Drama
2494,Comedy
2497,Adventure
2501,Adventure
2503,Adventure
2511,Action
2512,Adventure
2513,Adventure
2514,Adventure
2515,Adventure
2517,Drama
2520,Comedy
2523,Adventure
2526,Comedy
2534,Drama
2535,Adventure
2542,Drama
2543,Adventure
2544,Adventure
2545,Adventure
2556,Adventure
2557,Drama
2559,Adventure
2560,Action
2561,Action
2562,Drama
2563,Sci-Fi
2564,Comedy
2569,Adventure
2571,Adventure
2572,Adventure
2573,Adventure
2577,Adventure
2578,Adventure
2579,Adventure
2580,Avant Garde
2581,Drama
2582,Drama
2583,Drama
2584,Drama
2585,Drama
2586,Drama
2589,Action
2593,Action
2595,Drama
2596,Mystery
2597,Adventure
2598,Adventure
2602,Comedy
2603,Action
2606,Action
2609,Drama
2613,Adventure
2614,Adventure
2615,Comedy
2618,Adventure
2625,Comedy
2629,Comedy
2630,Comedy
2631,Comedy
2633,Adventure
2634,Comedy
2645,Adventure
2648,Comedy
2649,Comedy
2650,Adventure
2651,Comedy
2652,Comedy
2653,Adventure
2654,Adventure
2655,Adventure
2656,Adventure
2657,Adventure
2658,Adventure
2661,Adventure
2662,Adventure
2664,Adventure
2665,Adventure
2666,Adventure
2668,Adventure
2669,Fantasy
2670,Adventure
2673,Adventure
2674,Adventure
2676,Adventure
2677,Adventure
2678,Adventure
2683,Action
2684,Sci-Fi
2685,Action
2686,Adventure
2687,Comedy
2688,Action
2692,Action
2694,Action
2695,Adventure
2696,Action
2697,Action
2698,Action
2699,Action
2700,Action
2713,Adventure
2717,Action
2718,Adventure
2722,Action
2723,Comedy
2724,Adventure
2725,Comedy
2726,Action
2732,Comedy
2736,Comedy
2740,Action
2741,Action
2745,Action
2746,Action
2747,Action
2748,Comedy
2751,Adventure
2756,Drama
2757,Action
2758,Sci-Fi
2759,Drama
2761,Drama
2762,Action
2766,Adventure
2769,Action
2770,Action
2771,Comedy
2772,Action
2783,Adventure
2784,Comedy
2786,Action
2787,Action
2789,Adventure
2791,Action
2793,Adventure
2795,Drama
2799,Adventure
2800,Drama
2801,Drama
2802,Drama
2804,Adventure
2805,Comedy
2806,Adventure
2808,Action
2809,Adventure
2811,Adventure
2813,Adventure
2816,Adventure
2817,Adventure
2818,Comedy
2819,Action
2820,Action
2823,Comedy
2825,Adventure
2826,Adventure
2828,Adventure
2829,Adventure
2831,Adventure
2832,Adventure
2834,Fantasy
2835,Adventure
2836,Adventure
2842,Adventure
2847,Action
2848,Adventure
2851,Action
2881,Action
2882,Adventure
2884,Action
2889,Action
2890,Adventure
2895,Adventure
2901,Action
2903,Action
2904,Drama
2905,Action
2907,Comedy
2911,Drama
2913,Adventure
2920,Drama
2921,Drama
2922,Drama
2924,Drama
2926,Drama
2927,Drama
2928,Adventure
2929,Adventure
2931,Mystery
2933,Action
2951,Comedy
2952,Action
2954,Comedy
2961,Action
2962,Adventure
2964,Drama
2965,Mystery
2966,Adventure
2970,Action
2971,Adventure
2973,Fantasy
2978,Adventure
2980,Adventure
2985,Comedy
2986,Comedy
2987,Adventure
2993,Comedy
2994,Supernatural
2997,Drama
2998,Drama
3000,Action
3001,Comedy
3003,Drama
3005,Action
3008,Adventure
3009,Drama
3014,Action
3015,Action
3016,Action
3019,Action
3021,Action
3022,Action
3023,Comedy
3024,Action
3027,Action
3028,Action
3031,Adventure
3032,Adventure
3033,Adventure
3035,Action
3036,Action
3037,Comedy
3038,Adventure
3043,Fantasy
3044,Action
3054,Action
3057,Boys Love
3059,Adventure
3061,Adventure
3065,Action
3067,Action
3069,Action
3071,Action
3072,Action
3075,Adventure
3077,Comedy
3081,Romance
3085,Comedy
3086,Action
3087,Action
3088,Drama
3089,Drama
3090,Comedy
3091,Comedy
3092,Boys Love
3101,Adventure
3114,Adventure
3115,Action
3121,Comedy
3125,Comedy
3129,Comedy
3130,Comedy
3135,Adventure
3137,Adventure
3138,Comedy
3146,Adventure
3147,Action
3151,Adventure
3153,Action
3154,Action
3159,Comedy
3162,Adventure
3166,Action
3167,Sci-Fi
3174,Comedy
3175,Action
3180,Comedy
3185,Adventure
3186,Drama
3193,Action
3194,Drama
3199,Adventure
3213,Comedy
3214,Action
3218,Adventure
3219,Comedy
3220,Avant Garde
3221,Adventure
3227,Action
3229,Comedy
3230,Action
3231,Action
3232,Adventure
3234,Action
3247,Comedy
3248,Action
3265,Drama
3266,Comedy
3269,Action
3270,Drama
3271,Adventure
3272,Comedy
3273,Comedy
3274,Comedy
3275,Comedy
3278,Comedy
3279,Comedy
3280,Comedy
3281,Comedy
3295,Adventure
3297,Sci-Fi
3298,Adventure
3299,Drama
3312,Comedy
3313,Adventure
3317,Adventure
3318,Drama
3322,Comedy
3323,Action
3326,Avant Garde
3327,Adventure
3335,Drama
3342,Action
3345,Fantasy
3349,Action
3352,Adventure
3354,Action
3358,Comedy
3359,Action
3363,Action
3366,Action
3371,Action
3381,Adventure
3389,Action
3391,Comedy
3394,Drama
3401,Adventure
3407,Drama
3410,Comedy
3417,Comedy
3418,Action
3419,Comedy
3420,Drama
3421,Comedy
3425,Adventure
3432,Adventure
3433,Sci-Fi
3436,Adventure
3437,Comedy
3444,Action
3446,Action
3449,Slice of Life
3455,Comedy
3457,Drama
3460,Adventure
3464,Action
3466,Adventure
3467,Comedy
3468,Comedy
3469,Drama
3470,Comedy
3472,Comedy
3483,Comedy
3484,Comedy
3486,Adventure
3488,Drama
3501,Adventure
3503,Comedy
3508,Avant Garde
3512,Comedy
3515,Action
3518,Fantasy
3519,Comedy
3522,Action
3535,Comedy
3547,Action
3549,Action
3550,Comedy
3561,Adventure
3568,Comedy
3570,Adventure
3572,Romance
3574,Action
3576,Adventure
3577,Comedy
3588,Action
3593,Action
3594,Action
3602,Action
3603,Action
3609,Adventure
3613,Action
3614,Mystery
3615,Comedy
3616,Action
3619,Comedy
3626,Adventure
3627,Comedy
3631,Adventure
3637,Action
3638,Adventure
3652,Horror
3654,Comedy
3655,Action
3656,Action
3659,Adventure
3665,Action
3667,Action
3672,Comedy
3673,Action
3689,Adventure
3690,Adventure
3701,Adventure
3710,Horror
3712,Action
3713,Horror
3727,Adventure
3731,Comedy
3735,Comedy
3736,Comedy
3737,Adventure
3738,Adventure
3744,Drama
3745,Action
3750,Drama
3757,Adventure
3760,Adventure
3765,Adventure
3782,Action
3783,Action
3784,Drama
3785,Drama
3786,Drama
3791,Comedy
3806,Adventure
3807,Drama
3809,Adventure
3810,Adventure
3834,Adventure
3837,Adventure
3840,Action
3848,Action
3853,Action
3854,Drama
3858,Adventure
3859,Mystery
3861,Action
3868,Drama
3869,Comedy
3876,Adventure
3884,Action
3887,Drama
3898,Adventure
3900,Action
3901,Action
3905,Adventure
3907,Adventure
3913,Action
3914,Avant Garde
3915,Adventure
3923,Action
3927,Drama
3931,Action
3936,Adventure
3937,Comedy
3946,Comedy
3947,Comedy
3948,Action
3952,Action
3958,Comedy
3962,Adventure
3963,Drama
3964,Drama
3965,Comedy
3969,Adventure
3974,Action
3991,Adventure
4003,Action
4013,Action
4015,Comedy
4021,Boys Love
4025,Adventure
4026,Action
4028,Action
4031,Action
4033,Comedy
4038,Action
4039,Action
4044,Horror
4049,Adventure
4051,Action
4052,Action
4059,Drama
4060,Adventure
4061,Adventure
4063,Action
4066,Adventure
4067,Action
4068,Action
4069,Comedy
4074,Adventure
4078,Comedy
4080,Adventure
4081,Slice of Life
4082,Action
4083,Action
4086,Adventure
4087,Action
4088,Action
4094,Action
4095,Horror
4101,Comedy
4106,Action
4113,Fantasy
4114,Comedy
4136,Comedy
4138,Adventure
4151,Action
4154,Adventure
4155,Action
4162,Action
4163,Comedy
4166,Comedy
4177,Action
4181,Drama
4186,Action
4188,Adventure
4189,Drama
4190,Comedy
4191,Adventure
4192,Action
4195,Comedy
4196,Action
4197,Adventure
4198,Fantasy
4199,Adventure
4200,Adventure
4202,Mystery
4209,Action
4211,Action
4214,Comedy
4220,Drama
4224,Drama
4240,Adventure
4246,Adventure
4262,Action
4280,Action
4282,Action
4306,Fantasy
4320,Action
4332,Action
4339,Drama
4361,Comedy
4362,Comedy
4375,Adventure
4382,Comedy
4383,Comedy
4415,Adventure
4418,Comedy
4421,Comedy
4427,Action
4437,Action
4443,Action
4447,Adventure
4450,Adventure
4459,Adventure
4468,Adventure
4469,Comedy
4470,Action
4475,Drama
4476,Adventure
4477,Comedy
4483,Fantasy
4485,Drama
4503,Drama
4504,Adventure
4508,Comedy
4511,Adventure
4514,Adventure
4533,Comedy
4536,Comedy
4548,Action
4549,Action
4551,Adventure
4578,Comedy
4581,Action
4584,Adventure
4591,Comedy
4597,Action
4614,Adventure
4615,Adventure
4617,Drama
4618,Drama
4639,Avant Garde
4640,Comedy
4646,Adventure
4650,Action
4651,Adventure
4654,Action
4657,Action
4662,Comedy
4663,Action
4664,Action
4667,Adventure
4672,Mystery
4690,Action
4712,Action
4715,Drama
4719,Action
4720,Drama
4722,Comedy
4723,Drama
4725,Action
4726,Action
4744,Comedy
4752,Drama
4756,Drama
4765,Action
4773,Adventure
4786,Comedy
4789,Drama
4792,Adventure
4793,Adventure
4794,Adventure
4795,Adventure
4798,Adventure
4801,Adventure
4807,Adventure
4808,Action
4810,Action
4814,Boys Love
4835,Action
4851,Action
4854,Action
4855,Action
4856,Action
4874,Adventure
4876,Action
4879,Mystery
4884,Adventure
4886,Action
4896,Horror
4898,Action
4903,Comedy
4910,Adventure
4917,Adventure
4918,Comedy
4926,Adventure
4928,Comedy
4933,Action
4938,Action
4943,Adventure
4961,Action
4962,Adventure
4970,Action
4975,Mystery
4981,Action
4983,Adventure
4985,Action
4997,Comedy
4999,Action
5002,Action
5006,Adventure
5014,Adventure
5019,Action
5023,Action
5027,Adventure
5030,Comedy
5031,Action
5032,Action
5034,Action
5037,Action
5039,Action
5040,Sports
5041,Adventure
5042,Comedy
5045,Action
5056,Comedy
5071,Action
5072,Romance
5074,Action
5075,Adventure
5079,Action
5081,Mystery
5084,Adventure
5091,Adventure
5096,Adventure
5112,Comedy
5114,Action
5129,Adventure
5132,Comedy
5141,Comedy
5150,Comedy
5152,Action
5153,Fantasy
5155,Drama
5163,Comedy
5177,Mystery
5189,Action
5196,Sci-Fi
5197,Adventure
5200,Drama
5201,Adventure
5203,Fantasy
5204,Action
5205,Action
5216,Drama
5220,Action
5225,Action
5226,Action
5228,Action
5233,Action
5238,Adventure
5244,Sci-Fi
5251,Action
5252,Action
5256,Adventure
5267,Adventure
5274,Adventure
5276,Fantasy
5277,Action
5278,Action
5279,Comedy
5288,Drama
5289,Adventure
5290,Comedy
5296,Action
5298,Fantasy
5300,Slice of Life
5305,Comedy
5306,Action
5307,Adventure
5308,Action
5310,Romance
5332,Action
5333,Comedy
5337,Adventure
5341,Adventure
5342,Fantasy
5343,Action
5348,Adventure
5353,Comedy
5355,Action
5356,Action
5365,Drama
5369,Action
5420,Drama
5440,Adventure
5458,Adventure
5460,Action
5462,Comedy
5477,Comedy
5484,Comedy
5493,Action
5496,Action
5504,Drama
5505,Action
5507,Action
5520,Comedy
5521,Action
5525,Action
5526,Comedy
5529,Comedy
5530,Adventure
5535,Adventure
5538,Adventure
5539,Drama
5578,Adventure
5585,Action
5593,Action
5597,Comedy
5628,Comedy
5630,Mystery
5652,Adventure
5667,Comedy
5675,Sci-Fi
5678,Drama
5681,Comedy
5682,Action
5684,Action
5688,Comedy
5690,Comedy
5691,Action
5702,Action
5712,Adventure
5725,Action
5734,Romance
5760,Action
5763,Action
5764,Comedy
5772,Comedy
5781,Comedy
5828,Action
5832,Drama
5833,Action
5834,Drama
5835,Drama
5844,Adventure
5845,Action
5849,Action
5854,Action
5859,Action
5865,Comedy
5883,Action
5886,Adventure
5914,Comedy
5916,Drama
5923,Adventure
5933,Adventure
5936,Drama
5938,Comedy
5940,Action
5941,Drama
5956,Comedy
5958,Comedy
5962,Adventure
5967,Comedy
5968,Comedy
5973,Comedy
5978,Comedy
5984,Drama
5992,Comedy
5994,Comedy
5997,Action
6007,Adventure
6016,Action
6023,Comedy
6028,Comedy
6030,Action
6032,Drama
6033,Action
6045,Drama
6046,Action
6050,Action
6067,Action
6069,Comedy
6074,Comedy
6087,Action
6095,Comedy
6096,Action
6098,Comedy
6112,Action
6114,Drama
6115,Action
6117,Comedy
6119,Comedy
6127,Comedy
6129,Drama
6151,Action
6152,Action
6153,Adventure
6154,Adventure
6162,Action
6163,Action
6164,Drama
6165,Drama
6166,Comedy
6169,Action
6171,Action
6172,Adventure
6178,Action
6182,Drama
6187,Comedy
6198,Comedy
6201,Comedy
6202,Adventure
6203,Comedy
6205,Action
6209,Sci-Fi
6211,Drama
6213,Action
6217,Comedy
6219,Fantasy
6226,Action
6229,Action
6230,Action
6245,Comedy
6261,Adventure
6262,Adventure
6270,Fantasy
6275,Adventure
6280,Action
6287,Comedy
6297,Action
6299,Comedy
6303,Adventure
6310,Comedy
6312,Action
6324,Action
6325,Action
6330,Comedy
6336,Drama
6344,Action
6347,Comedy
6351,Drama
6372,Mystery
6374,Action
6375,Action
6379,Comedy
6380,Action
6381,Action
6397,Adventure
6408,Drama
6413,Action
6421,Action
6437,Adventure
6438,Adventure
6444,Adventure
6460,Action
6467,Action
6489,Action
6496,Action
6500,Action
6505,Comedy
6509,Comedy
6511,Adventure
6512,Comedy
6520,Comedy
6527,Action
6547,Drama
6554,Adventure
6555,Adventure
6557,Adventure
6560,Avant Garde
6566,Comedy
6567,Action
6572,Action
6573,Action
6579,Action
6583,Adventure
6587,Action
6594,Action
6609,Comedy
6610,Action
6624,Action
6633,Action
6634,Action
6637,Mystery
6645,Comedy
6653,Drama
6674,Comedy
6675,Action
6676,Fantasy
6695,Adventure
6701,Adventure
6702,Action
6707,Action
6709,Comedy
6712,Comedy
6714,Action
6726,Drama
6733,Drama
6736,Mystery
6741,Action
6743,Comedy
6746,Action
6747,Action
6758,Action
6771,Adventure
6773,Action
6774,Avant Garde
6779,Comedy
6783,Drama
6791,Romance
6794,Action
6795,Avant Garde
6796,Comedy
6802,Sci-Fi
6811,Action
6864,Drama
6867,Action
6877,Adventure
6878,Adventure
6880,Action
6882,Comedy
6883,Comedy
6885,Comedy
6895,Action
6899,Adventure
6901,Adventure
6904,Action
6919,Action
6920,Action
6922,Action
6927,Mystery
6930,Adventure
6941,Action
6945,Action
6948,Mystery
6956,Comedy
6958,Comedy
6964,Action
6970,Adventure
6971,Adventure
6974,Comedy
6979,Adventure
6980,Horror
6988,Adventure
7014,Drama
7045,Adventure
7054,Comedy
7058,Adventure
7059,Action
7066,Comedy
7079,Horror
7083,Adventure
7088,Action
7090,Comedy
7106,Adventure
7109,Action
7112,Avant Garde
7124,Comedy
7135,Adventure
7144,Action
7148,Comedy
7157,Comedy
7158,Comedy
7160,Action
7169,Drama
7193,Drama
7222,Romance
7230,Adventure
7252,Adventure
7254,Action
7270,Drama
7279,Action
7285,Adventure
7303,Adventure
7304,Adventure
7305,Adventure
7307,Comedy
7308,Adventure
7311,Mystery
7322,Comedy
7329,Adventure
7330,Adventure
7333,Fantasy
7334,Action
7336,Action
7338,Action
7364,Action
7366,Drama
7367,Action
7376,Drama
7377,Drama
7395,Adventure
7396,Comedy
7430,Action
7435,Action
7436,Action
7461,Comedy
7465,Sci-Fi
7468,Comedy
7471,Adventure
7472,Action
7474,Comedy
7477,Adventure
7479,Adventure
7522,Action
7540,Comedy
7550,Adventure
7551,Adventure
7559,Action
7571,Drama
7575,Comedy
7578,Comedy
7579,Comedy
7580,Action
7590,Comedy
7592,Action
7593,Comedy
7596,Comedy
7598,Mystery
7605,Adventure
7619,Adventure
7626,Adventure
7645,Action
7647,Comedy
7661,Drama
7662,Horror
7664,Adventure
7666,Comedy
7667,Comedy
7669,Comedy
7674,Comedy
7681,Adventure
7695,Action
7711,Supernatural
7718,Fantasy
7723,Comedy
7724,Horror
7728,Action
7740,Action
7744,Comedy
7745,Action
7752,Action
7762,Comedy
7768,Comedy
7769,Comedy
7774,Comedy
7779,Drama
7785,Comedy
7791,Comedy
7805,Comedy
7816,Comedy
7817,Comedy
7845,Adventure
7858,Comedy
7902,Comedy
7904,Adventure
7981,Comedy
8017,Drama
8026,Action
8038,Comedy
8057,Adventure
8074,Action
8078,Action
8086,Action
8097,Action
8098,Drama
8100,Action
8101,Comedy
8108,Adventure
8109,Adventure
8115,Adventure
8123,Comedy
8139,Adventure
8140,Adventure
8141,Adventure
8142,Drama
8145,Action
8146,Action
8153,Adventure
8154,Adventure
8155,Adventure
8156,Sports
8158,Adventure
8171,Action
8187,Comedy
8190,Comedy
8194,Adventure
8197,Sci-Fi
8208,Comedy
8211,Action
8215,Action
8228,Comedy
8234,Adventure
8235,Adventure
8240,Adventure
8245,Adventure
8246,Action
8247,Action
8248,Drama
8250,Drama
8277,Action
8278,Action
8285,Adventure
8310,Adventure
8311,Adventure
8331,Comedy
8332,Fantasy
8358,Action
8359,Adventure
8360,Comedy
8361,Comedy
8362,Action
8363,Action
8364,Action
8365,Comedy
8366,Comedy
8367,Comedy
8368,Comedy
8369,Adventure
8373,Adventure
8394,Adventure
8407,Comedy
8408,Action
8410,Adventure
8415,Adventure
8423,Comedy
8424,Comedy
8425,Drama
8426,Drama
8438,Adventure
8449,Action
8456,Action
8457,Action
8460,Action
8465,Comedy
8475,Drama
8476,Romance
8481,Drama
8487,Action
8507,Comedy
8516,Comedy
8524,Comedy
8525,Comedy
8536,Comedy
8538,Comedy
8542,Drama
8546,Comedy
8547,Comedy
8548,Comedy
8550,Comedy
8553,Action
8599,Comedy
8609,Adventure
8624,Action
8630,Action
8632,Comedy
8648,Comedy
8687,Comedy
8709,Adventure
8713,Drama
8740,Adventure
8743,Drama
8767,Comedy
8786,Comedy
8795,Action
8799,Action
8839,Adventure
8841,Action
8842,Drama
8848,Drama
8853,Adventure
8876,Comedy
8899,Action
8915,Action
8917,Sci-Fi
8934,Romance
8937,Action
8956,Action
8964,Adventure
8965,Adventure
8966,Adventure
8986,Action
8995,Action
8999,Action
9000,Adventure
9002,Drama
9005,Comedy
9007,Comedy
9028,Comedy
9041,Action
9047,Action
9061,Adventure
9062,Comedy
9063,Comedy
9065,Action
9074,Comedy
9078,Comedy
9088,Action
9106,Action
9107,Action
9120,Action
9127,Action
9130,Action
9135,Action
9136,Comedy
9159,Action
9163,Drama
9165,Drama
9166,Drama
9181,Comedy
9200,Adventure
9201,Comedy
9202,Action
9204,Action
9213,Drama
9220,Comedy
9243,Romance
9253,Drama
9260,Action
9290,Comedy
9314,Adventure
9330,Action
9331,Action
9332,Action
9333,Comedy
9335,Comedy
9345,Comedy
9346,Adventure
9347,Comedy
9348,Drama
9353,Drama
9355,Comedy
9367,Action
9376,Adventure
9379,Comedy
9383,Comedy
9389,Adventure
9390,Adventure
9391,Adventure
9403,Adventure
9421,Action
9441,Gourmet
9479,Action
9488,Action
9493,Action
9494,Drama
9513,Action
9515,Comedy
9544,Action
9568,Action
9581,Comedy
9584,Adventure
9587,Comedy
9598,Comedy
9611,Comedy
9613,Action
9617,Comedy
9618,Comedy
9624,Comedy
9656,Drama
9675,Comedy
9690,Action
9693,Drama
9706,Action
9712,Comedy
9716,Action
9723,Action
9731,Action
9735,Action
9736,Comedy
9745,Action
9750,Action
9751,Action
9756,Drama
9759,Action
9760,Adventure
9782,Mystery
9785,Adventure
9786,Adventure
9790,Comedy
9793,Action
9798,Adventure
9799,Action
9806,Action
9824,Fantasy
9834,Comedy
9837,Action
9882,Horror
9911,Action
9917,Adventure
9919,Action
9922,Comedy
9924,Comedy
9934,Comedy
9935,Drama
9936,Action
9941,Action
9963,Adventure
9969,Action
9981,Action
9982,Comedy
9988,Drama
9989,Drama
9999,Action
10000,Comedy
10005,Adventure
10012,Comedy
10015,Action
10017,Action
10020,Comedy
10029,Romance
10030,Comedy
10033,Action
10036,Drama
10049,Action
10056,Comedy
10058,Comedy
10059,Comedy
10060,Comedy
10073,Action
10074,Action
10075,Action
10076,Action
10079,Comedy
10080,Comedy
10083,Horror
10087,Action
10090,Mystery
10098,Comedy
10109,Comedy
10110,Comedy
10115,Comedy
10118,Adventure
10122,Drama
10135,Adventure
10136,Adventure
10149,Adventure
10153,Action
10155,Action
10156,Action
10161,Action
10163,Action
10172,Action
10178,Drama
10180,Romance
10187,Comedy
10189,Action
10191,Comedy
10197,Comedy
10199,Action
10202,Action
10207,Adventure
10209,Action
10210,Adventure
10213,Action
10216,Comedy
10218,Action
10219,Comedy
10244,Adventure
10259,Adventure
10260,Action
10263,Adventure
10278,Comedy
10294,Action
10302,Action
10308,Action
10319,Adventure
10321,Comedy
10330,Action
10334,Action
10336,Action
10338,Comedy
10342,Adventure
10350,Action
10351,Comedy
10357,Adventure
10370,Adventure
10372,Action
10379,Slice of Life
10384,Comedy
10389,Drama
10396,Action
10397,Drama
10405,Adventure
10408,Drama
10418,Action
10444,Action
10447,Fantasy
10456,Action
10465,Action
10469,Comedy
10470,Action
10471,Adventure
10477,Comedy
10479,Action
10490,Action
10491,Comedy
10495,Comedy
10502,Comedy
10516,Drama
10521,Comedy
10527,Action
10528,Action
10531,Adventure
10534,Adventure
10536,Comedy
10547,Drama
10554,Drama
10563,Drama
10568,Drama
10572,Comedy
10573,Comedy
10578,Action
10582,Comedy
10588,Action
10589,Action
10592,Action
10604,Action
10611,Comedy
10620,Action
10622,Adventure
10624,Action
10628,Action
10629,Adventure
10638,Comedy
10643,Action
10659,Action
10666,Comedy
10681,Action
10686,Action
10687,Adventure
10688,Drama
10689,Mystery
10693,Mystery
10702,Action
10703,Adventure
10713,Action
10714,Action
10715,Action
10716,Action
10717,Action
10719,Comedy
10721,Avant Garde
10723,Comedy
10732,Adventure
10739,Action
10740,Adventure
10751,Fantasy
10765,Comedy
10766,Adventure
10790,Action
10793,Drama
10794,Action
10796,Comedy
10798,Mystery
10800,Drama
10805,Comedy
10810,Action
10823,Action
10824,Action
10825,Action
10834,Comedy
10842,Comedy
10845,Action
10863,Comedy
10886,Sports
10893,Action
10897,Comedy
10916,Adventure
10917,Adventure
10918,Drama
10923,Comedy
10924,Action
10928,Comedy
10933,Adventure
10934,Action
10935,Drama
10936,Comedy
10943,Comedy
10947,Comedy
10948,Comedy
10949,Comedy
10950,Comedy
10999,Sci-Fi
11001,Action
11009,Adventure
11013,Comedy
11019,Adventure
11021,Drama
11049,Fantasy
11053,Adventure
11061,Action
11069,Adventure
11077,Action
11083,Action
11099,Action
11101,Drama
11103,Action
11111,Horror
11135,Boys Love
11161,Comedy
11179,Comedy
11209,Action
11227,Comedy
11241,Action
11255,Action
11285,Action
11299,Adventure
11307,Drama
11313,Drama
11319,Action
11341,Comedy
11355,Action
11359,Action
11375,Action
11385,Action
11433,Drama
11441,Action
11445,Comedy
11457,Slice of Life
11499,Comedy
11531,Mystery
11533,Adventure
11553,Comedy
11577,Drama
11597,Comedy
11617,Action
11633,Action
11635,Action
11663,Action
11665,Slice of Life
11685,Adventure
11697,Comedy
11701,Horror
11737,Action
11741,Action
11743,Action
11751,Action
11755,Adventure
11757,Action
11759,Action
11761,Action
11769,Comedy
11773,Adventure
11777,Action
11783,Action
11785,Comedy
11787,Action
11813,Action
11835,Action
11837,Action
11841,Action
11853,Adventure
11859,Action
11887,Drama
11889,Comedy
11919,Romance
11933,Action
11977,Drama
11979,Drama
11981,Drama
12001,Action
12015,Action
12017,Action
12029,Action
12035,Drama
12049,Action
12053,Action
12067,Action
12113,Action
12115,Action
12117,Adventure
12119,Slice of Life
12131,Romance
12137,Boys Love
12139,Action
12163,Drama
12175,Drama
12187,Comedy
12189,Mystery
12223,Action
12225,Comedy
12231,Action
12267,Adventure
12279,Action
12281,Comedy
12291,Comedy
12293,Action
12317,Action
12337,Drama
12343,Action
12347,Action
12355,Slice of Life
12365,Comedy
12367,Action
12403,Comedy
12413,Action
12419,Action
12429,Action
12437,Comedy
12439,Drama
12441,Drama
12445,Horror
12449,Sports
12461,Romance
12471,Adventure
12477,Adventure
12481,Comedy
12483,Comedy
12487,Action
12503,Comedy
12505,Action
12531,Drama
12549,Comedy
12565,Action
12579,Comedy
12611,Comedy
12663,Adventure
12665,Comedy
12671,Action
12673,Comedy
12677,Action
12685,Comedy
12711,Comedy
12715,Action
12725,Action
12729,Action
12745,Action
12753,Action
12783,Comedy
12857,Romance
12859,Action
12877,Drama
12879,Action
12883,Comedy
12917,Adventure
12929,Action
12967,Action
12979,Action
12991,Comedy
13029,Adventure
13055,Comedy
13093,Mystery
13115,Action
13117,Action
13119,Action
13125,Drama
13159,Comedy
13161,Action
13169,Adventure
13171,Comedy
13173,Fantasy
13183,Action
13185,Action
13201,Action
13203,Action
13215,Drama
13239,Action
13245,Comedy
13247,Adventure
13251,Adventure
13271,Action
13287,Comedy
13331,Action
13335,Action
13349,Comedy
13357,Comedy
13367,Comedy
13403,Comedy
13409,Comedy
13411,Action
13469,Mystery
13535,Comedy
13551,Comedy
13585,Drama
13587,Adventure
13599,Drama
13601,Action
13629,Drama
13639,Slice of Life
13655,Comedy
13659,Comedy
13663,Comedy
13667,Action
13681,Comedy
13709,Action
13727,Action
13731,Adventure
13757,Drama
13759,Drama
13767,Boys Love
13769,Action
13799,Adventure
13837,Comedy
13839,Comedy
13843,Action
13851,Comedy
13859,Comedy
13863,Action
13927,Action
13931,Adventure
13939,Action
13955,Adventure
14027,Comedy
14073,Comedy
14075,Action
14093,Action
14117,Action
14145,Drama
14173,Comedy
14189,Horror
14199,Comedy
14227,Comedy
14237,Sci-Fi
14267,Action
14277,Comedy
14283,Action
14289,Drama
14293,Romance
14333,Adventure
14345,Action
14349,Adventure
14353,Drama
14355,Adventure
14381,Adventure
14397,Drama
14407,Action
14467,Action
14513,Action
14515,Comedy
14527,Action
14617,Action
14629,Action
14645,Romance
14647,Comedy
14653,Comedy
14669,Drama
14675,Comedy
14685,Comedy
14713,Comedy
14719,Action
14735,Adventure
14741,Comedy
14749,Comedy
14765,Action
14807,Drama
14813,Comedy
14827,Drama
14829,Action
14833,Adventure
14835,Comedy
14837,Action
14875,Adventure
14889,Comedy
14893,Comedy
14913,Adventure
14921,Drama
14935,Adventure
14947,Comedy
14957,Comedy
14967,Comedy
15005,Comedy
15015,Adventure
15037,Horror
15039,Drama
15059,Action
15067,Adventure
15095,Adventure
15109,Comedy
15117,Comedy
15119,Action
15125,Comedy
15177,Romance
15219,Action
15225,Comedy
15227,Drama
15313,Comedy
15315,Action
15323,Action
15325,Comedy
15335,Action
15347,Adventure
15359,Action
15377,Action
15379,Comedy
15411,Fantasy
15417,Action
15437,Action
15439,Boys Love
15451,Action
15479,Adventure
15487,Comedy
15489,Action
15565,Action
15583,Action
15609,Comedy
15613,Action
15617,Comedy
15633,Action
15651,Action
15689,Mystery
15699,Comedy
15719,Action
15729,Comedy
15735,Action
15751,Action
15783,Action
15785,Sci-Fi
15793,Action
15807,Comedy
15809,Comedy
15881,Comedy
15883,Fantasy
15905,Action
15913,Adventure
15925,Adventure
15927,Comedy
15933,Action
15959,Action
15961,Action
16001,Drama
16009,Adventure
16011,Action
16027,Adventure
16033,Fantasy
16035,Action
16049,Action
16051,Comedy
16067,Drama
16143,Action
16149,Comedy
16157,Action
16201,Drama
16239,Action
16241,Comedy
16273,Comedy
16335,Drama
16353,Comedy
16355,Action
16385,Action
16393,Comedy
16397,Romance
16444,Comedy
16468,Action
16498,Action
16512,Action
16514,Comedy
16518,Adventure
16524,Adventure
16528,Drama
16574,Action
16576,Action
16592,Horror
16662,Drama
16664,Fantasy
16678,Adventure
16680,Action
16694,Comedy
16700,Horror
16702,Adventure
16706,Comedy
16726,Comedy
16756,Action
16762,Supernatural
16774,Action
16782,Drama
16866,Comedy
16870,Action
16890,Comedy
16910,Comedy
16928,Comedy
16934,Comedy
16982,Comedy
17020,Drama
17074,Comedy
17080,Drama
17113,Adventure
17115,Action
17137,Action
17187,Mystery
17219,Comedy
17233,Drama
17247,Action
17265,Action
17269,Action
17277,Drama
17291,Action
17341,Adventure
17391,Action
17437,Comedy
17467,Action
17505,Action
17551,Comedy
17641,Romance
17651,Action
17655,Drama
17669,Comedy
17677,Action
17681,Comedy
17687,Adventure
17699,Action
17729,Drama
17741,Drama
17743,Adventure
17777,Comedy
17831,Comedy
17855,Comedy
17873,Action
17875,Comedy
17893,Comedy
17895,Drama
17909,Drama
17919,Action
17947,Action
17959,Drama
18001,Action
18041,Action
18045,Drama
18053,Drama
18055,Action
18095,Comedy
18115,Action
18153,Action
18195,Comedy
18229,Action
18245,Drama
18247,Action
18277,Action
18393,Action
18397,Action
18411,Slice of Life
18429,Action
18441,Action
18447,Action
18497,Action
18499,Action
18523,Action
18533,Adventure
18617,Action
18661,Comedy
18671,Comedy
18677,Comedy
18679,Action
18713,Comedy
18753,Comedy
18767,Action
18835,Action
18849,Slice of Life
18851,Comedy
18857,Comedy
18893,Action
18897,Comedy
18937,Adventure
18989,Mystery
19009,Comedy
19021,Comedy
19099,Adventure
19109,Comedy
19111,Slice of Life
19115,Drama
19117,Adventure
19123,Action
19151,Romance
19157,Comedy
19163,Action
19191,Mystery
19193,Mystery
19195,Mystery
19211,Adventure
19221,Comedy
19251,Comedy
19255,Comedy
19285,Action
19291,Action
19351,Comedy
19365,Action
19367,Action
19369,Comedy
19383,Avant Garde
19429,Action
19489,Adventure
19511,Comedy
19573,Fantasy
19587,Adventure
19645,Adventure
19653,Fantasy
19671,Comedy
19685,Comedy
19687,Action
19703,Action
19731,Adventure
19759,Action
19781,Adventure
19815,Comedy
19825,Adventure
19843,Comedy
19855,Action
19877,Adventure
19951,Action
19973,Drama
20021,Action
20035,Action
20045,Action
20047,Comedy
20057,Comedy
20141,Action
20155,Comedy
20159,Action
20185,Adventure
20189,Adventure
20267,Comedy
20371,Boys Love
20423,Fantasy
20431,Comedy
20441,Adventure
20457,Comedy
20479,Action
20507,Action
20509,Action
20517,Comedy
20533,Adventure
20541,Comedy
20543,Action
20545,Comedy
20649,Drama
20651,Slice of Life
20673,Adventure
20689,Action
20709,Action
20723,Action
20743,Action
20767,Comedy
20785,Action
20787,Action
20799,Adventure
20853,Action
20899,Action
20909,Slice of Life
20939,Comedy
20945,Action
20969,Drama
20973,Action
21027,Drama
21033,Comedy
21039,Action
21085,Action
21105,Boys Love
21195,Action
21201,Comedy
21235,Action
21255,Adventure
21293,Comedy
21325,Slice of Life
21329,Adventure
21339,Action
21353,Action
21373,Action
21395,Comedy
21415,Action
21419,Action
21431,Drama
21435,Adventure
21439,Comedy
21469,Comedy
21473,Action
21479,Adventure
21511,Action
21557,Drama
21561,Adventure
21563,Fantasy
21569,Adventure
21571,Adventure
21573,Action
21595,Action
21603,Drama
21639,Action
21647,Romance
21653,Action
21659,Action
21671,Comedy
21677,Romance
21679,Comedy
21695,Action
21703,Action
21743,Action
21809,Comedy
21843,Action
21845,Drama
21855,Comedy
21861,Avant Garde
21863,Comedy
21867,Adventure
21877,Comedy
21881,Action
21899,Action
21939,Adventure
21943,Comedy
21959,Comedy
21969,Comedy
21971,Comedy
22043,Action
22053,Comedy
22055,Horror
22057,Comedy
22071,Comedy
22097,Action
22101,Adventure
22113,Comedy
22117,Action
22123,Comedy
22125,Comedy
22135,Drama
22145,Action
22147,Comedy
22199,Action
22297,Action
22319,Action
22335,Comedy
22361,Adventure
22441,Comedy
22507,Action
22535,Action
22537,Avant Garde
22661,Drama
22663,Action
22673,Comedy
22677,Adventure
22687,Action
22689,Action
22695,Action
22699,Action
22763,Drama
22777,Action
22785,Comedy
22865,Comedy
22877,Action
22981,Adventure
23067,Adventure
23107,Comedy
23115,Comedy
23133,Drama
23153,Comedy
23199,Action
23201,Action
23209,Drama
23225,Comedy
23227,Comedy
23233,Action
23249,Action
23251,Comedy
23273,Drama
23277,Comedy
23281,Action
23283,Mystery
23289,Comedy
23293,Action
23299,Action
23301,Action
23309,Action
23311,Action
23317,Action
23319,Adventure
23321,Action
23327,Comedy
23359,Action
23363,Comedy
23385,Action
23393,Adventure
23421,Action
23441,Boys Love
23447,Drama
23459,Action
23539,Comedy
23581,Adventure
23585,Adventure
23587,Comedy
23615,Adventure
23617,Comedy
23619,Comedy
23673,Comedy
23697,Action
23701,Comedy
23703,Adventure
23725,Action
23735,Comedy
23755,Action
23775,Action
23777,Action
23847,Comedy
23849,Adventure
23931,Action
23945,Comedy
23985,Comedy
23987,Drama
23991,Action
24029,Action
24071,Comedy
24075,Adventure
24133,Action
24135,Comedy
24169,Comedy
24171,Action
24175,Comedy
24211,Comedy
24227,Comedy
24231,Action
24261,Action
24405,Action
24439,Action
24451,Comedy
24455,Action
24475,Comedy
24489,Action
24543,Action
24591,Comedy
24619,Action
24627,Comedy
24629,Gourmet
24655,Action
24663,Comedy
24681,Adventure
24687,Adventure
24695,Comedy
24699,Comedy
24701,Adventure
24703,Action
24705,Action
24713,Comedy
24751,Action
24765,Horror
24781,Action
24833,Action
24873,Action
24909,Adventure
24919,Action
24921,Action
24991,Comedy
24997,Slice of Life
25011,Comedy
25013,Adventure
25015,Action
25027,Adventure
25053,Comedy
25065,Drama
25069,Adventure
25079,Drama
25083,Adventure
25087,Adventure
25099,Comedy
25143,Boys Love
25157,Action
25161,Adventure
25183,Action
25283,Action
25285,Action
25313,Action
25365,Comedy
25383,Comedy
25389,Action
25397,Action
25457,Action
25517,Adventure
25537,Action
25635,Comedy
25647,Action
25649,Boys Love
25661,Fantasy
25681,Comedy
25687,Action
25717,Adventure
25731,Fantasy
25749,Adventure
25777,Action
25805,Adventure
25835,Comedy
25839,Gourmet
25859,Comedy
25861,Comedy
25867,Action
25879,Comedy
25939,Action
26023,Comedy
26053,Action
26055,Action
26057,Comedy
26063,Adventure
26165,Avant Garde
26183,Action
26189,Adventure
26243,Action
26349,Comedy
26351,Comedy
26359,Adventure
26441,Comedy
26443,Action
26449,Action
27387,Action
27411,Mystery
27441,Comedy
27525,Action
27601,Comedy
27629,Comedy
27631,Action
27633,Comedy
27651,Drama
27653,Action
27727,Comedy
27775,Drama
27787,Comedy
27811,Action
27821,Action
27825,Action
27831,Action
27833,Action
27891,Action
27899,Action
27945,Comedy
27947,Action
27957,Comedy
27967,Action
27969,Drama
28013,Romance
28025,Comedy
28071,Comedy
28105,Adventure
28121,Action
28149,Avant Garde
28155,Action
28171,Gourmet
28215,Action
28221,Action
28223,Drama
28249,Action
28257,Comedy
28285,Action
28297,Comedy
28299,Comedy
28351,Action
28385,Comedy
28391,Sci-Fi
28405,Action
28423,Comedy
28431,Action
28447,Action
28479,Action
28497,Action
28511,Action
28539,Action
28603,Comedy
28617,Comedy
28619,Mystery
28621,Mystery
28623,Action
28669,Action
28673,Mystery
28675,Action
28677,Comedy
28683,Action
28701,Action
28713,Action
28725,Drama
28755,Action
28817,Action
28819,Comedy
28833,Action
28851,Drama
28853,Adventure
28869,Adventure
28883,Action
28907,Action
28927,Action
28957,Adventure
28977,Action
28979,Comedy
29017,Comedy
29027,Action
29067,Comedy
29087,Comedy
29089,Action
29095,Drama
29129,Comedy
29165,Comedy
29317,Comedy
29325,Mystery
29363,Comedy
29413,Action
29419,Action
29437,Action
29583,Comedy
29589,Comedy
29611,Adventure
29722,Comedy
29785,Comedy
29786,Comedy
29803,Action
29854,Action
29855,Fantasy
29863,Adventure
29893,Sci-Fi
29910,Action
29935,Action
29936,Action
29937,Action
29976,Romance
30014,Comedy
30015,Drama
30016,Action
30028,Adventure
30066,Action
30123,Drama
30143,Adventure
30145,Fantasy
30178,Action
30187,Drama
30191,Action
30206,Comedy
30240,Comedy
30246,Comedy
30250,Action
30276,Action
30279,Comedy
30290,Comedy
30291,Comedy
30296,Action
30300,Action
30307,Comedy
30311,Comedy
30313,Adventure
30321,Action
30344,Comedy
30347,Action
30363,Action
30365,Action
30370,Adventure
30381,Romance
30383,Drama
30410,Action
30412,Action
30415,Drama
30437,Gourmet
30455,Action
30458,Action
30464,Comedy
30481,Adventure
30483,Adventure
30484,Drama
30485,Mystery
30503,Action
30524,Horror
30531,Boys Love
30537,Action
30544,Action
30549,Drama
30585,Drama
30652,Comedy
30654,Action
30679,Action
30686,Comedy
30694,Action
30709,Comedy
30714,Comedy
30721,Comedy
30727,Comedy
30736,Action
30749,Action
30757,Action
30778,Action
30806,Drama
30818,Action
30825,Horror
30831,Adventure
30868,Action
30869,Action
30870,Action
30885,Comedy
30895,Mystery
30901,Action
30902,Comedy
30911,Action
30915,Action
30919,Comedy
30925,Action
30954,Comedy
30965,Action
31043,Mystery
31044,Fantasy
31049,Adventure
31050,Action
31056,Comedy
31065,Action
31070,Action
31098,Action
31113,Adventure
31121,Comedy
31128,Action
31138,Action
31147,Action
31149,Action
31150,Adventure
31156,Action
31163,Action
31168,Action
31173,Drama
31178,Comedy
31181,Comedy
31201,Adventure
31211,Action
31223,Action
31229,Action
31231,Adventure
31233,Action
31236,Adventure
31240,Drama
31246,Adventure
31251,Drama
31289,Action
31297,Action
31326,Comedy
31327,Gourmet
31338,Action
31339,Action
31376,Fantasy
31378,Action
31380,Comedy
31389,Action
31404,Comedy
31405,Drama
31414,Comedy
31417,Comedy
31418,Action
31427,Action
31430,Action
31433,Drama
31442,Action
31452,Adventure
31456,Fantasy
31478,Action
31483,Drama
31486,Comedy
31490,Action
31499,Comedy
31537,Fantasy
31552,Action
31561,Action
31580,Action
31592,Action
31593,Action
31598,Action
31608,Comedy
31610,Comedy
31629,Action
31630,Comedy
31636,Comedy
31637,Action
31668,Comedy
31670,Adventure
31675,Comedy
31676,Action
31678,Action
31680,Boys Love
31704,Action
31706,Action
31711,Comedy
31715,Comedy
31716,Action
31722,Action
31737,Action
31741,Action
31750,Action
31754,Comedy
31756,Action
31757,Action
31758,Action
31763,Action
31764,Action
31765,Action
31772,Action
31785,Action
31797,Comedy
31798,Drama
31812,Action
31815,Boys Love
31821,Action
31838,Action
31845,Action
31848,Comedy
31851,Fantasy
31853,Action
31859,Action
31861,Action
31866,Action
31911,Adventure
31918,Comedy
31927,Action
31933,Action
31952,Comedy
31967,Comedy
31973,Drama
31980,Comedy
31994,Avant Garde
32005,Action
32010,Comedy
32015,Action
32023,Drama
32034,Drama
32038,Comedy
32051,Action
32071,Action
32086,Drama
32094,Comedy
32105,Action
32108,Action
32122,Action
32151,Comedy
32153,Drama
32160,Action
32174,Comedy
32182,Action
32188,Sci-Fi
32189,Action
32190,Slice of Life
32202,Fantasy
32214,Action
32215,Action
32222,Comedy
32230,Adventure
32240,Comedy
32262,Comedy
32268,Comedy
32281,Drama
32282,Gourmet
32287,Drama
32313,Action
32321,Action
32323,Comedy
32359,Action
32360,Action
32365,Action
32370,Action
32379,Action
32380,Comedy
32407,Fantasy
32409,Comedy
32415,Action
32437,Action
32461,Avant Garde
32485,Comedy
32534,Adventure
32543,Action
32551,Action
32553,Comedy
32566,Action
32574,Action
32596,Adventure
32603,Comedy
32615,Action
32668,Action
32673,Slice of Life
32676,Comedy
32681,Action
32682,Horror
32684,Boys Love
32686,Sports
32696,Comedy
32698,Comedy
32729,Drama
32751,Comedy
32792,Drama
32801,Adventure
32817,Comedy
32827,Action
32828,Gourmet
32836,Action
32843,Action
32863,Action
32866,Action
32867,Action
32871,Comedy
32878,Action
32879,Adventure
32881,Drama
32887,Action
32890,Action
32899,Comedy
32900,Action
32901,Comedy
32902,Drama
32915,Action
32924,Comedy
32930,Comedy
32936,Adventure
32937,Adventure
32948,Drama
32949,Drama
32951,Action
32954,Fantasy
32979,Adventure
32983,Slice of Life
32989,Comedy
32995,Sports
32998,Action
33003,Action
33010,Avant Garde
33012,Drama
33013,Boys Love
33018,Action
33019,Comedy
33023,Action
33027,Action
33028,Action
33032,Action
33036,Comedy
33038,Comedy
33041,Drama
33047,Action
33049,Action
33050,Action
33051,Drama
33056,Comedy
33064,Action
33071,Action
33074,Action
33075,Action
33087,Fantasy
33089,Adventure
33091,Drama
33102,Comedy
33161,Comedy
33164,Comedy
33181,Comedy
33183,Action
33185,Action
33190,Drama
33191,Action
33195,Action
33203,Drama
33204,Adventure
33205,Action
33206,Slice of Life
33208,Comedy
33209,Comedy
33219,Comedy
33221,Drama
33232,Action
33242,Comedy
33244,Comedy
33248,Action
33253,Action
33254,Adventure
33263,Drama
33271,Action
33278,Action
33286,Action
33299,Fantasy
33305,Drama
33308,Comedy
33314,Action
33323,Comedy
33337,Drama
33338,Action
33339,Comedy
33341,Adventure
33350,Action
33354,Adventure
33371,Action
33372,Action
33377,Drama
33378,Comedy
33392,Boys Love
33396,Action
33417,Boys Love
33421,Action
33433,Action
33434,Comedy
33443,Comedy
33446,Comedy
33454,Comedy
33456,Comedy
33474,Adventure
33475,Action
33478,Action
33487,Comedy
33489,Adventure
33490,Adventure
33498,Comedy
33499,Comedy
33502,Drama
33506,Action
33513,Action
33519,Action
33520,Action
33546,Action
33558,Action
33562,Action
33581,Action
33589,Action
33605,Action
33606,Action
33654,Boys Love
33661,Comedy
33672,Adventure
33674,Drama
33685,Action
33686,Action
33687,Action
33697,Action
33702,Adventure
33704,Action
33709,Action
33713,Action
33724,Action
33726,Action
33728,Action
33729,Action
33730,Action
33731,Comedy
33741,Comedy
33743,Drama
33758,Action
33759,Action
33760,Adventure
33764,Action
33783,Action
33806,Comedy
33850,Romance
33874,Comedy
33925,Action
33950,Action
33964,Action
33983,Action
33988,Comedy
33994,Comedy
34012,Fantasy
34019,Action
34021,Action
34034,Action
34036,Adventure
34051,Action
34055,Action
34076,Drama
34086,Action
34096,Action
34100,Action
34102,Drama
34103,Action
34106,Comedy
34126,Action
34134,Action
34136,Drama
34152,Action
34161,Action
34173,Comedy
34176,Action
34208,Sci-Fi
34209,Romance
34213,Slice of Life
34238,Comedy
34244,Adventure
34279,Action
34280,Comedy
34281,Action
34290,Action
34299,Action
34300,Action
34302,Action
34314,Action
34321,Action
34323,Comedy
34325,Action
34338,Drama
34350,Adventure
34368,Drama
34382,Drama
34391,Drama
34403,Comedy
34414,Action
34428,Action
34430,Action
34437,Drama
34451,Action
34465,Action
34475,Action
34480,Gourmet
34481,Slice of Life
34497,Adventure
34498,Romance
34502,Action
34514,Action
34525,Fantasy
34533,Action
34534,Slice of Life
34535,Boys Love
34537,Comedy
34540,Action
34541,Adventure
34542,Action
34543,Drama
34544,Action
34547,Adventure
34549,Adventure
34550,Comedy
34561,Action
34565,Action
34572,Action
34577,Action
34591,Slice of Life
34599,Adventure
34604,Action
34620,Drama
34626,Adventure
34642,Action
34644,Action
34649,Drama
34658,Comedy
34661,Action
34662,Action
34670,Action
34675,Action
34712,Drama
34742,Comedy
34745,Adventure
34753,Mystery
34754,Fantasy
34776,Adventure
34777,Action
34784,Comedy
34792,Adventure
34799,Comedy
34812,Action
34820,Comedy
34825,Comedy
34830,Romance
34834,Action
34835,Action
34855,Comedy
34863,Action
34866,Action
34884,Comedy
34893,Drama
34901,Action
34902,Comedy
34904,Action
34927,Fantasy
34933,Drama
34934,Drama
34944,Action
34962,Action
34964,Action
34966,Horror
34972,Drama
34984,Drama
34999,Comedy
35000,Comedy
35009,Action
35062,Drama
35072,Action
35073,Action
35075,Comedy
35076,Action
35079,Adventure
35086,Action
35116,Comedy
35120,Action
35122,Action
35134,Adventure
35135,Adventure
35136,Adventure
35145,Slice of Life
35158,Supernatural
35182,Comedy
35203,Adventure
35204,Action
35206,Action
35220,Slice of Life
35228,Comedy
35231,Drama
35235,Comedy
35237,Comedy
35240,Action
35241,Fantasy
35247,Comedy
35248,Mystery
35251,Fantasy
35284,Gourmet
35298,Comedy
35314,Action
35315,Mystery
35327,Comedy
35333,Action
35338,Comedy
35347,Comedy
35363,Slice of Life
35413,Comedy
35424,Action
35425,Action
35466,Drama
35484,Comedy
35507,Drama
35557,Action
35589,Action
35593,Adventure
35608,Comedy
35609,Adventure
35626,Action
35639,Drama
35650,Adventure
35652,Comedy
35658,Comedy
35672,Adventure
35673,Adventure
35674,Adventure
35677,Drama
35706,Drama
35712,Comedy
35714,Avant Garde
35737,Action
35740,Adventure
35757,Adventure
35760,Action
35776,Action
35788,Gourmet
35790,Action
35798,Action
35815,Mystery
35823,Comedy
35828,Slice of Life
35834,Action
35838,Adventure
35839,Adventure
35842,Avant Garde
35843,Action
35847,Sci-Fi
35849,Drama
35851,Drama
35857,Action
35860,Comedy
35889,Action
35909,Adventure
35928,Action
35946,Action
35949,Drama
35960,Comedy
35968,Comedy
35972,Action
35984,Action
35988,Adventure
35994,Adventure
36028,Action
36032,Drama
36037,Action
36038,Comedy
36039,Action
36043,Comedy
36049,Comedy
36094,Fantasy
36098,Drama
36106,Action
36108,Comedy
36119,Comedy
36124,Drama
36144,Action
36148,Adventure
36160,Action
36184,Action
36194,Action
36196,Comedy
36197,Action
36215,Action
36220,Drama
36246,Action
36266,Action
36267,Comedy
36275,Slice of Life
36290,Action
36308,Sci-Fi
36316,Action
36318,Action
36345,Action
36368,Adventure
36369,Drama
36370,Drama
36371,Drama
36397,Sci-Fi
36407,Action
36424,Action
36429,Adventure
36432,Action
36444,Action
36455,Adventure
36466,Action
36470,Comedy
36474,Action
36480,Action
36491,Action
36492,Drama
36497,Action
36511,Action
36513,Gourmet
36516,Action
36522,Action
36538,Slice of Life
36539,Comedy
36542,Romance
36544,Action
36545,Comedy
36548,Drama
36556,Action
36560,Comedy
36561,Action
36563,Sci-Fi
36571,Adventure
36587,Action
36616,Action
36625,Action
36633,Action
36644,Action
36649,Action
36661,Action
36688,Action
36692,Comedy
36699,Adventure
36702,Action
36726,Comedy
36729,Action
36732,Action
36754,Drama
36762,Action
36775,Drama
36777,Comedy
36789,Comedy
36792,Comedy
36796,Comedy
36803,Action
36816,Action
36817,Comedy
36823,Comedy
36824,Comedy
36825,Action
36827,Comedy
36834,Fantasy
36838,Action
36848,Comedy
36858,Action
36862,Adventure
36864,Comedy
36871,Action
36873,Comedy
36882,Action
36884,Comedy
36885,Comedy
36894,Action
36906,Comedy
36910,Action
36915,Action
36923,Action
36927,Action
36936,Adventure
36946,Action
36949,Gourmet
36950,Comedy
36951,Action
36967,Action
36991,Action
36992,Drama
36993,Comedy
36999,Comedy
37023,Comedy
37029,Comedy
37033,Gourmet
37036,Comedy
37044,Drama
37050,Comedy
37055,Action
37086,Drama
37087,Action
37090,Action
37109,Fantasy
37112,Comedy
37140,Comedy
37150,Action
37152,Action
37164,Action
37175,Mystery
37176,Action
37179,Adventure
37184,Action
37185,Action
37202,Action
37206,Comedy
37207,Drama
37208,Action
37209,Drama
37210,Action
37232,Action
37254,Action
37262,Action
37272,Comedy
37283,Action
37292,Comedy
37293,Action
37294,Adventure
37300,Adventure
37302,Fantasy
37324,Comedy
37328,Fantasy
37338,Comedy
37345,Action
37346,Action
37347,Action
37348,Action
37349,Action
37364,Action
37377,Comedy
37379,Drama
37393,Adventure
37395,Adventure
37396,Drama
37407,Fantasy
37426,Action
37430,Action
37433,Comedy
37435,Drama
37438,Action
37440,Action
37441,Action
37442,Action
37447,Action
37449,Action
37450,Drama
37451,Avant Garde
37458,Drama
37475,Action
37487,Mystery
37490,Comedy
37491,Action
37496,Action
37497,Drama
37505,Action
37510,Action
37514,Adventure
37515,Adventure
37516,Action
37517,Drama
37520,Action
37521,Action
37522,Mystery
37525,Mystery
37561,Action
37563,Adventure
37564,Adventure
37569,Action
37579,Comedy
37586,Comedy
37590,Action
37595,Adventure
37596,Avant Garde
37597,Boys Love
37598,Action
37599,Action
37618,Comedy
37619,Romance
37620,Romance
37621,Comedy
37623,Action
37641,Comedy
37643,Mystery
37651,Action
37657,Action
37672,Action
37675,Action
37682,Comedy
37703,Sci-Fi
37711,Drama
37716,Comedy
37719,Action
37722,Comedy
37737,Action
37760,Action
37764,Drama
37765,Drama
37773,Comedy
37779,Mystery
37781,Action
37786,Drama
37799,Action
37804,Comedy
37806,Action
37807,Action
37822,Action
37826,Comedy
37828,Action
37866,Comedy
37884,Action
37886,Drama
37887,Action
37893,Avant Garde
37897,Action
37902,Action
37910,Fantasy
37920,Comedy
37926,Adventure
37928,Action
37936,Action
37937,Action
37938,Drama
37958,Comedy
37963,Boys Love
37964,Mystery
37965,Drama
37966,Action
37968,Fantasy
37969,Comedy
37970,Drama
37972,Drama
37976,Comedy
37979,Action
37981,Drama
37982,Drama
37983,Comedy
37984,Action
37986,Action
37987,Drama
37988,Comedy
37989,Action
37991,Action
37994,Action
37997,Action
37998,Action
37999,Comedy
38000,Action
38003,Action
38004,Comedy
38005,Action
38015,Action
38020,Action
38021,Action
38022,Action
38040,Adventure
38062,Fantasy
38084,Action
38085,Action
38086,Action
38088,Action
38098,Drama
38101,Comedy
38104,Drama
38161,Comedy
38186,Comedy
38192,Adventure
38198,Action
38217,Boys Love
38220,Action
38234,Action
38250,Boys Love
38256,Drama
38268,Action
38292,Action
38297,Action
38301,Action
38325,Action
38328,Action
38329,Drama
38357,Comedy
38360,Action
38383,Comedy
38397,Comedy
38409,Action
38410,Action
38413,Action
38414,Drama
38419,Action
38422,Comedy
38425,Action
38431,Action
38435,Action
38436,Action
38444,Fantasy
38450,Action
38461,Mystery
38464,Action
38467,Action
38472,Comedy
38480,Action
38481,Action
38483,Comedy
38489,Action
38490,Action
38491,Action
38520,Adventure
38524,Action
38528,Action
38529,Comedy
38530,Adventure
38533,Comedy
38536,Action
38540,Comedy
38549,Adventure
38555,Comedy
38556,Drama
38558,Comedy
38594,Drama
38600,Action
38601,Action
38610,Comedy
38628,Action
38653,Action
38656,Action
38659,Action
38663,Action
38668,Action
38671,Action
38673,Action
38677,Drama
38680,Drama
38688,Action
38690,Action
38691,Adventure
38693,Action
38707,Adventure
38710,Action
38720,Action
38735,Adventure
38740,Action
38741,Action
38742,Action
38749,Sci-Fi
38753,Drama
38759,Slice of Life
38768,Comedy
38770,Action
38778,Comedy
38787,Comedy
38788,Comedy
38790,Action
38793,Action
38799,Mystery
38807,Action
38810,Action
38816,Drama
38826,Drama
38830,Action
38837,Action
38854,Fantasy
38891,Comedy
38895,Action
38897,Action
38903,Action
38909,Action
38916,Adventure
38917,Comedy
38918,Action
38920,Action
38923,Mystery
38936,Fantasy
38937,Action
38939,Comedy
38940,Action
38959,Fantasy
38963,Comedy
38972,Action
38985,Adventure
38990,Comedy
38992,Comedy
38993,Comedy
39017,Mystery
39022,Drama
39024,Action
39026,Comedy
39030,Comedy
39049,Comedy
39066,Adventure
39080,Action
39115,Comedy
39116,Adventure
39141,Action
39178,Action
39188,Action
39191,Adventure
39194,Comedy
39195,Drama
39196,Comedy
39198,Adventure
39199,Action
39221,Action
39231,Action
39235,Action
39239,Action
39247,Slice of Life
39249,Action
39274,Action
39277,Comedy
39282,Action
39292,Adventure
39295,Comedy
39298,Action
39315,Adventure
39324,Fantasy
39326,Comedy
39329,Adventure
39332,Drama
39333,Action
39355,Action
39380,Boys Love
39382,Mystery
39410,Action
39416,Fantasy
39419,Action
39456,Adventure
39463,Action
39469,Action
39480,Fantasy
39486,Action
39487,Action
39489,Action
39491,Action
39506,Action
39518,Action
39523,Action
39529,Comedy
39531,Adventure
39533,Boys Love
39535,Adventure
39538,Comedy
39539,Action
39545,Girls Love
39547,Comedy
39551,Action
39567,Action
39569,Drama
39570,Comedy
39572,Adventure
39574,Sci-Fi
39575,Adventure
39576,Action
39581,Adventure
39585,Comedy
39587,Drama
39589,Action
39597,Action
39606,Comedy
39607,Comedy
39610,Drama
39638,Action
39651,Action
39652,Action
39674,Comedy
39675,Action
39676,Comedy
39678,Comedy
39689,Comedy
39701,Action
39705,Action
39710,Drama
39720,Action
39728,Fantasy
39730,Gourmet
39736,Action
39738,Mystery
39753,Drama
39764,Action
39767,Fantasy
39783,Comedy
39792,Adventure
39806,Action
39810,Adventure
39811,Action
39819,Comedy
39823,Action
39833,Action
39846,Drama
39912,Action
39935,Action
39938,Fantasy
39940,Gourmet
39948,Mystery
39972,Mystery
39987,Comedy
39988,Comedy
39995,Comedy
39999,Drama
40004,Comedy
40005,Action
40028,Action
40031,Comedy
40044,Adventure
40045,Adventure
40046,Mystery
40052,Action
40056,Action
40059,Action
40060,Action
40062,Action
40064,Action
40073,Action
40075,Mystery
40082,Action
40083,Action
40097,Action
40100,Comedy
40102,Comedy
40104,Action
40109,Drama
40111,Action
40145,Action
40151,Comedy
40154,Action
40156,Fantasy
40157,Drama
40174,Comedy
40178,Comedy
40179,Action
40194,Action
40206,Action
40211,Adventure
40221,Action
40230,Drama
40233,Action
40239,Action
40251,Adventure
40256,Action
40323,Action
40327,Adventure
40331,Slice of Life
40351,Action
40356,Action
40357,Action
40359,Drama
40369,Comedy
40389,Action
40394,Action
40397,Comedy
40416,Action
40417,Drama
40421,Boys Love
40434,Action
40435,Comedy
40453,Adventure
40454,Action
40456,Action
40460,Adventure
40483,Comedy
40485,Action
40486,Action
40489,Action
40496,Action
40497,Action
40507,Action
40513,Comedy
40515,Drama
40526,Comedy
40529,Action
40530,Drama
40540,Action
40550,Action
40554,Action
40567,Adventure
40568,Comedy
40571,Adventure
40578,Action
40586,Comedy
40590,Action
40591,Comedy
40594,Adventure
40595,Action
40602,Adventure
40613,Action
40638,Action
40646,Boys Love
40661,Comedy
40679,Drama
40708,Comedy
40714,Comedy
40722,Drama
40729,Sci-Fi
40730,Action
40732,Action
40733,Action
40734,Action
40735,Action
40748,Action
40761,Action
40762,Action
40763,Comedy
40765,Adventure
40778,Drama
40784,Action
40787,Drama
40806,Comedy
40807,Comedy
40823,Action
40834,Adventure
40835,Comedy
40839,Comedy
40849,Action
40852,Adventure
40853,Comedy
40858,Action
40861,Action
40873,Adventure
40876,Action
40881,Action
40885,Action
40893,Comedy
40897,Adventure
40901,Action
40902,Gourmet
40904,Drama
40906,Action
40907,Action
40908,Action
40909,Action
40911,Mystery
40930,Comedy
40934,Adventure
40935,Drama
40936,Comedy
40938,Drama
40956,Action
40957,Comedy
40960,Comedy
40966,Action
40974,Adventure
40979,Action
40991,Action
40994,Mystery
41006,Horror
41025,Adventure
41043,Comedy
41051,Boys Love
41053,Action
41074,Action
41084,Adventure
41093,Action
41094,Adventure
41103,Comedy
41105,Drama
41109,Action
41137,Adventure
41139,Action
41140,Action
41141,Action
41168,Drama
41194,Action
41205,Action
41206,Adventure
41210,Adventure
41215,Action
41219,Action
41220,Action
41221,Comedy
41222,Action
41224,Adventure
41226,Comedy
41265,Action
41266,Comedy
41283,Action
41286,Comedy
41290,Boys Love
41306,Action
41312,Fantasy
41325,Comedy
41341,Action
41345,Action
41353,Action
41361,Comedy
41380,Action
41389,Comedy
41392,Adventure
41402,Comedy
41409,Action
41433,Action
41439,Action
41456,Action
41457,Drama
41461,Action
41463,Comedy
41467,Action
41468,Action
41487,Action
41488,Comedy
41491,Action
41497,Action
41511,Comedy
41514,Action
41519,Action
41520,Comedy
41528,Action
41530,Drama
41549,Action
41556,Gourmet
41567,Comedy
41573,Action
41589,Romance
41595,Action
41611,Comedy
41623,Action
41659,Comedy
41660,Drama
41667,Action
41674,Sci-Fi
41688,Comedy
41694,Action
41710,Action
41714,Drama
41725,Avant Garde
41750,Mystery
41762,Comedy
41785,Action
41802,Action
41812,Comedy
41814,Drama
41833,Comedy
41854,Drama
41877,Adventure
41884,Action
41899,Action
41911,Action
41915,Action
41916,Comedy
41917,Action
41918,Action
41923,Action
42004,Comedy
42044,Boys Love
42070,Action
42072,Adventure
42082,Drama
42091,Action
42106,Action
42129,Action
42132,Action
42135,Action
42136,Action
42137,Action
42138,Action
42139,Action
42148,Action
42149,Action
42151,Action
42158,Action
42161,Adventure
42176,Comedy
42187,Action
42192,Action
42203,Drama
42205,Action
42206,Comedy
42209,Action
42249,Action
42266,Action
42268,Action
42282,Comedy
42284,Action
42285,Action
42290,Action
42291,Action
42302,Comedy
42307,Action
42310,Action
42319,Comedy
42340,Comedy
42351,Comedy
42359,Action
42361,Comedy
42387,Action
42395,Comedy
42423,Action
42476,Adventure
42519,Comedy
42544,Action
42625,Action
42627,Action
42640,Comedy
42670,Adventure
42723,Action
42737,Horror
42774,Drama
42794,Action
42798,Romance
42803,Action
42808,Action
42822,Mystery
42826,Fantasy
42829,Comedy
42832,Adventure
42847,Drama
42885,Adventure
42886,Drama
42892,Action
42894,Slice of Life
42898,Action
42899,Drama
42914,Action
42916,Action
42938,Drama
42947,Action
42949,Comedy
42950,Action
42956,Comedy
42962,Comedy
42963,Comedy
42966,Action
42976,Action
42985,Action
42994,Comedy
43007,Comedy
43229,Mystery
43291,Action
43299,Drama
43325,Mystery
43350,Comedy
43439,Fantasy
43470,Comedy
43523,Action
43555,Adventure
43565,Action
43608,Comedy
43609,Comedy
43626,Action
43690,Action
43755,Drama
43760,Adventure
43767,Drama
43779,Comedy
43814,Action
43969,Comedy
44025,Adventure
44037,Fantasy
44047,Action
44061,Action
44062,Fantasy
44064,Action
44065,Action
44067,Adventure
44068,Action
44069,Adventure
44070,Action
44071,Action
44073,Comedy
44074,Drama
44078,Action
44087,Action
44090,Action
44097,Comedy
44196,Action
44203,Action
44204,Mystery
44212,Adventure
44213,Action
44218,Action
44221,Action
44233,Action
44248,Comedy
44273,Adventure
44276,Action
44387,Boys Love
44389,Action
44390,Drama
44406,Action
44408,Adventure
44410,Action
44411,Adventure
44412,Action
44511,Action
44513,Action
44516,Action
44570,Action
44585,Adventure
44807,Drama
44881,Action
44931,Comedy
44940,Action
44942,Action
44983,Adventure
45042,Action
45055,Comedy
45195,Action
45196,Adventure
45425,Gourmet
45486,Adventure
45556,Action
45557,Action
45558,Action
45560,Action
45572,Fantasy
45574,Action
45576,Adventure
45598,Comedy
45599,Action
45604,Drama
45613,Comedy
45620,Drama
45649,Sports
45653,Comedy
45654,Action
45753,Action
45783,Action
45961,Comedy
46095,Action
46102,Drama
46420,Action
46422,Fantasy
46431,Comedy
46471,Comedy
46569,Action
46587,Comedy
46821,Action
46985,Adventure
47044,Action
47158,Comedy
47159,Comedy
47160,Action
47161,Action
47162,Action
47163,Action
47164,Action
47194,Mystery
47250,Action
47257,Comedy
47391,Action
47403,Adventure
47405,Action
47409,Romance
47413,Action
47614,Comedy
47777,Action
47778,Action
47790,Action
47795,Action
48000,Comedy
48171,Drama
48235,Action
48239,Adventure
48305,Comedy
48316,Action
48363,Comedy
48365,Comedy
48369,Action
48375,Action
48411,Sci-Fi
48413,Comedy
48414,Action
48415,Action
48417,Action
48418,Action
48425,Horror
48426,Comedy
48438,Drama
48453,Action
48455,Action
48480,Adventure
48481,Adventure
48483,Comedy
48488,Horror
48491,Adventure
48505,Action
48543,Action
48548,Comedy
48549,Adventure
48556,Action
48561,Action
48569,Drama
48577,Sci-Fi
48580,Action
48583,Action
48585,Action
48590,Slice of Life
48612,Action
48624,Avant Garde
48641,Comedy
48643,Action
48644,Comedy
48649,Action
48661,Action
48675,Comedy
48684,Action
48694,Comedy
48727,Fantasy
48742,Adventure
48753,Comedy
48759,Action
48760,Action
48761,Action
48780,Boys Love
48791,Comedy
48804,Fantasy
48810,Adventure
48842,Action
48845,Gourmet
48849,Mystery
48857,Fantasy
48862,Action
48867,Action
48875,Drama
48890,Action
48895,Action
48896,Action
48897,Comedy
48903,Action
48914,Action
48917,Mystery
48941,Action
48956,Action
48962,Drama
48964,Comedy
48965,Action
48976,Action
48981,Action
48992,Avant Garde
48997,Adventure
49040,Action
49053,Boys Love
49059,Boys Love
49066,Drama
49073,Drama
49090,Drama
49098,Action
49109,Fantasy
49114,Action
49138,Comedy
49154,Action
49160,Comedy
49170,Action
49200,Drama
49208,Comedy
49210,Fantasy
49215,Comedy
49220,Comedy
49228,Action
49235,Drama
49236,Action
49241,Action
49274,Action
49287,Adventure
49290,Drama
49291,Drama
49297,Action
49303,Drama
49305,Action
49310,Drama
49316,Action
49318,Action
49320,Action
49338,Action
49345,Adventure
49357,Action
49361,Fantasy
49385,Comedy
49386,Action
49387,Action
49398,Action
49402,Mystery
49409,Adventure
49413,Drama
49423,Adventure
49430,Boys Love
49433,Action
49448,Action
49450,Drama
49457,Comedy
49458,Adventure
49469,Drama
49470,Comedy
49483,Slice of Life
49505,Slice of Life
49515,Action
49520,Comedy
49522,Comedy
49523,Action
49533,Slice of Life
49550,Drama
49569,Action
49570,Action
49571,Action
49572,Action
49573,Mystery
49574,Action
49587,Comedy
49590,Comedy
49592,Comedy
49605,Comedy
49611,Comedy
49612,Action
49613,Action
49614,Adventure
49618,Action
49681,Action
49700,Comedy
49701,Action
49709,Adventure
49718,Comedy
49721,Comedy
49730,Adventure
49733,Mystery
49738,Drama
49742,Action
49755,Comedy
49757,Adventure
49759,Action
49778,Action
49782,Fantasy
49784,Comedy
49785,Action
49793,Sci-Fi
49818,Action
49834,Romance
49835,Romance
49841,Action
49842,Comedy
49847,Adventure
49848,Drama
49849,Adventure
49854,Slice of Life
49858,Comedy
49860,Adventure
49866,Slice of Life
49869,Comedy
49871,Comedy
49873,Action
49877,Action
49889,Action
49891,Action
49893,Slice of Life
49915,Action
49926,Action
49930,Action
49969,Sci-Fi
49976,Slice of Life
49979,Comedy
49980,Adventure
49981,Action
49982,Drama
50002,Action
50010,Comedy
50012,Mystery
50090,Adventure
50094,Action
50114,Action
50159,Comedy
50172,Action
50175,Action
50184,Action
50197,Comedy
50204,Mystery
50205,Action
50206,Slice of Life
50207,Action
50217,Comedy
50240,Action
50265,Action
50271,Action
50274,Action
50275,Action
50280,Action
50284,Mystery
50287,Comedy
50306,Action
50307,Comedy
50315,Action
50330,Action
50338,Action
50339,Drama
50346,Romance
50360,Adventure
50378,Action
50384,Action
50385,Action
50392,Action
50398,Action
50399,Action
50400,Action
50401,Comedy
50403,Comedy
50404,Adventure
50406,Action
50407,Action
50410,Action
50421,Adventure
50427,Adventure
50429,Mystery
50430,Action
50431,Action
50432,Action
50433,Action
50441,Action
50444,Action
50446,Action
50452,Action
50461,Fantasy
50462,Action
50470,Comedy
50475,Drama
50481,Action
50501,Action
50515,Slice of Life
50521,Fantasy
50528,Action
50537,Adventure
50538,Action
50539,Action
50549,Action
50562,Adventure
50565,Action
50571,Comedy
50575,Romance
50581,Action
50582,Action
50583,Adventure
50586,Comedy
50588,Action
50590,Fantasy
50593,Drama
50594,Adventure
50599,Avant Garde
50602,Action
50606,Action
50607,Action
50608,Action
50612,Adventure
50629,Action
50633,Action
50638,Drama
50640,Romance
50644,Action
50647,Action
50652,Comedy
50653,Drama
50657,Action
50664,Action
50667,Action
50673,Action
50694,Drama
50696,Action
50710,Comedy
50713,Action
50738,Comedy
50768,Action
50770,Action
50803,Drama
50810,Comedy
50849,Action
50854,Adventure
50855,Action
50864,Adventure
50869,Fantasy
50872,Adventure
50916,Action
50917,Sci-Fi
50920,Action
50923,Drama
50925,Action
50932,Action
50953,Action
50955,Comedy
50985,Comedy
50999,Sci-Fi
51008,Drama
51009,Action
51019,Action
51020,Action
51036,Comedy
51038,Action
51039,Action
51064,Action
51096,Drama
51105,Action
51116,Drama
51122,Adventure
51131,Action
51145,Action
51162,Action
51179,Adventure
51180,Drama
51183,Comedy
51191,Action
51195,Action
51196,Action
51197,Action
51198,Action
51203,Comedy
51207,Action
51212,Comedy
51213,Fantasy
51215,Fantasy
51219,Comedy
51225,Comedy
51252,Action
51278,Action
51280,Fantasy
51287,Action
51289,Action
51291,Action
51297,Action
51305,Avant Garde
51307,Drama
51309,Comedy
51334,Action
51335,Action
51340,Comedy
51358,Drama
51366,Action
51367,Action
51368,Action
51383,Action
51390,Action
51403,Comedy
51417,Action
51457,Action
51458,Comedy
51461,Drama
51462,Fantasy
51464,Comedy
51473,Action
51490,Action
51492,Adventure
51498,Comedy
51517,Action
51520,Action
51533,Comedy
51535,Action
51552,Drama
51562,Action
51569,Drama
51585,Action
51632,Adventure
51645,Comedy
51648,Action
51653,Action
51673,Action
51681,Action
51685,Comedy
51693,Action
51705,Romance
51706,Action
51711,Action
51726,Action
51727,Action
51735,Action
51746,Action
51764,Adventure
51769,Action
51782,Adventure
51791,Action
51794,Action
51805,Drama
51815,Comedy
51817,Comedy
51818,Action
51834,Action
51836,Action
51837,Comedy
51859,Action
51860,Action
51861,Action
51863,Action
51864,Action
51897,Action
51898,Action
51915,Boys Love
51940,Comedy
51941,Action
51956,Drama
51958,Comedy
52020,Adventure
52031,Drama
52034,Drama
52045,Comedy
52046,Action
52080,Comedy
52082,Fantasy
52092,Drama
52093,Action
52101,Action
52105,Action
52107,Horror
52132,Action
52162,Comedy
52173,Comedy
52178,Action
52180,Action
52186,Fantasy
52193,Action
52196,Action
52198,Comedy
52199,Action
52211,Action
52221,Action
52273,Action
52274,Action
52291,Action
52293,Action
52299,Action
52305,Comedy
52308,Fantasy
52318,Adventure
52347,Action
52357,Action
52359,Adventure
52367,Adventure
52438,Avant Garde
52446,Comedy
52482,Adventure
52493,Slice of Life
52505,Horror
52522,Action
52523,Comedy
52573,Comedy
52578,Comedy
52588,Action
52608,Action
52614,Drama
52619,Comedy
52623,Action
52635,Action
52657,Adventure
52680,Action
52684,Action
52701,Adventure
52709,Comedy
52736,Fantasy
52741,Action
52747,Action
52754,Action
52755,Action
52765,Action
52769,Comedy
52816,Action
52830,Action
52856,Drama
52863,Drama
52864,Comedy
52865,Comedy
52921,Action
52934,Comedy
52949,Action
52955,Drama
52967,Drama
52969,Adventure
52973,Comedy
52976,Action
52985,Comedy
52991,Adventure
52995,Action
53012,Comedy
53033,Action
53040,Comedy
53050,Comedy
53074,Comedy
53076,Adventure
53097,Romance
53109,Action
53111,Action
53127,Action
53128,Drama
53129,Drama
53149,Action
53151,Drama
53162,Action
53163,Comedy
53200,Comedy
53213,Action
53235,Action
53237,Action
53263,Adventure
53273,Action
53367,Action
53379,Comedy
53393,Adventure
53397,Adventure
53407,Drama
53411,Action
53414,Action
53421,Comedy
53432,Adventure
53434,Action
53439,Action
53446,Adventure
53448,Boys Love
53449,Comedy
53450,Adventure
53473,Action
53476,Action
53477,Action
53488,Fantasy
53494,Action
53512,Comedy
53516,Adventure
53540,Action
53580,Action
53590,Adventure
53599,Action
53613,Action
53618,Action
53621,Comedy
53626,Action
53632,Comedy
53670,Fantasy
53682,Avant Garde
53720,Drama
53730,Action
53748,Action
53770,Action
53787,Drama
53802,Comedy
53810,Adventure
53833,Comedy
53835,Adventure
53848,Action
53852,Comedy
53859,Comedy
53865,Action
53873,Action
53874,Action
53876,Action
53878,Adventure
53879,Comedy
53880,Adventure
53881,Action
53882,Action
53887,Action
53888,Action
53889,Action
53890,Action
53905,Comedy
53911,Action
53912,Comedy
53998,Action
54009,Slice of Life
54013,Comedy
54014,Gourmet
54021,Action
54029,Action
54033,Action
54062,Sci-Fi
54075,Comedy
54084,Comedy
54103,Comedy
54105,Adventure
54112,Comedy
54122,Adventure
54123,Action
54124,Action
54141,Action
54171,Action
54196,Action
54199,Mystery
54233,Drama
54234,Comedy
54259,Comedy
54261,Action
54265,Action
54275,Comedy
54285,Action
54309,Action
54362,Action
54398,Action
54431,Action
54437,Action
54444,Action
54449,Action
54463,Action
54492,Drama
54535,Comedy
54544,Adventure
54565,Action
54595,Action
54616,Adventure
54617,Fantasy
54631,Action
54632,Fantasy
54646,Action
54656,Action
54703,Adventure
54714,Comedy
54722,Action
54724,Adventure
54725,Drama
54726,Comedy
54730,Comedy
54737,Action
54738,Action
54740,Romance
54743,Action
54744,Comedy
54760,Adventure
54772,Action
54782,Comedy
54790,Fantasy
54791,Boys Love
54794,Action
54829,Comedy
54835,Adventure
54841,Avant Garde
54842,Adventure
54846,Drama
54851,Action
54852,Action
54853,Action
54855,Drama
54857,Drama
54860,Mystery
54864,Adventure
54869,Action
54870,Drama
54875,Action
54881,Action
54883,Action
54898,Action
54913,Action
54915,Comedy
54917,Action
54918,Action
54947,Action
54949,Comedy
54968,Comedy
54974,Comedy
54997,Action
55009,Comedy
55014,Action
55015,Action
55052,Adventure
55071,Comedy
55093,Comedy
55115,Fantasy
55129,Comedy
55130,Action
55150,Comedy
55151,Action
55186,Action
55192,Action
55194,Drama
55237,Comedy
55265,Adventure
55272,Action
55289,Action
55303,Action
55318,Drama
55339,Action
55355,Action
55358,Comedy
55397,Slice of Life
55454,Action
55514,Adventure
55528,Comedy
55578,Action
55640,Girls Love
55644,Adventure
55647,Action
55651,Comedy
55655,Action
55684,Action
55690,Comedy
55692,Action
55693,Action
55694,Action
55701,Action
55724,Boys Love
55731,Drama
55732,Action
55733,Action
55738,Comedy
55739,Action
55740,Action
55742,Drama
55745,Action
55749,Comedy
55762,Action
55774,Comedy
55790,Action
55806,Action
55809,Action
55813,Action
55818,Adventure
55821,Comedy
55823,Slice of Life
55829,Action
55842,Comedy
55848,Action
55855,Action
55864,Action
55874,Adventure
55877,Comedy
55878,Comedy
55888,Adventure
55889,Fantasy
55911,Comedy
55970,Drama
55973,Boys Love
55993,Action
55995,Mystery
55996,Comedy
55997,Action
55998,Romance
56038,Action
56062,Action
56063,Action
56106,Comedy
56146,Drama
56165,Comedy
56175,Comedy
56179,Fantasy
56207,Action
56215,Action
56216,Action
56228,Comedy
56230,Comedy
56242,Action
56243,Action
56285,Action
56342,Action
56348,Adventure
56425,Comedy
56439,Action
56442,Action
56449,Fantasy
56471,Action
56523,Action
56524,Action
56538,Drama
56544,Action
56553,Mystery
56558,Action
56566,Adventure
56578,Action
56579,Action
56601,Drama
56605,Comedy
56609,Action
56671,Action
56690,Action
56693,Comedy
56695,Boys Love
56700,Comedy
56701,Drama
56716,Action
56717,Action
56738,Comedy
56741,Comedy
56764,Action
56765,Action
56766,Action
56768,Boys Love
56774,Action
56784,Action
56787,Action
56820,Action
56835,Drama
56838,Comedy
56840,Action
56843,Comedy
56845,Action
56854,Action
56885,Comedy
56894,Action
56903,Comedy
56923,Adventure
56927,Adventure
56930,Action
56948,Comedy
56958,Action
56960,Drama
56963,Action
56967,Action
56980,Drama
56981,Action
57025,Adventure
57031,Romance
57034,Comedy
57037,Comedy
57058,Action
57066,Action
57067,Action
57093,Action
57096,Action
57097,Fantasy
57100,Action
57102,Comedy
57160,Action
57181,Romance
57183,Action
57184,Action
57189,Comedy
57192,Comedy
57207,Action
57217,Comedy
57226,Action
57229,Slice of Life
57239,Drama
57264,Action
57334,Action
57351,Action
57353,Drama
57362,Fantasy
57371,Fantasy
57380,Adventure
57391,Comedy
57422,Horror
57433,Drama
57441,Adventure
57442,Action
57448,Drama
57469,Action
57478,Mystery
57480,Action
57499,Adventure
57512,Action
57513,Action
57520,Boys Love
57524,Comedy
57533,Comedy
57544,Action
57555,Action
57556,Action
57567,Action
57575,Drama
57592,Adventure
57594,Action
57600,Boys Love
57611,Comedy
57613,Action
57616,Comedy
57629,Action
57635,Comedy
57648,Comedy
57656,Action
57663,Comedy
57699,Action
57702,Action
57719,Comedy
57796,Drama
57801,Action
57827,Adventure
57834,Action
57864,Comedy
57865,Action
57876,Action
57877,Action
57878,Action
57891,Action
57892,Action
57907,Action
57925,Comedy
57947,Comedy
57975,Avant Garde
57993,Comedy
57995,Adventure
58001,Action
58015,Action
58034,Action
58055,Fantasy
58056,Action
58057,Action
58059,Action
58079,Comedy
58082,Comedy
58086,Comedy
58091,Action
58131,Comedy
58146,Comedy
58172,Action
58197,Action
58216,Action
58222,Boys Love
58224,Action
58259,Drama
58265,Boys Love
58272,Comedy
58275,Action
58318,Drama
58325,Boys Love
58357,Action
58390,Romance
58437,Adventure
58445,Action
58448,Action
58449,Adventure
58476,Action
58484,Action
58488,Action
58493,Action
58494,Action
58502,Action
58509,Action
58511,Action
58514,Drama
58515,Action
58516,Action
58523,Action
58531,Action
58549,Boys Love
58551,Action
58555,Comedy
58567,Action
58572,Action
58592,Action
58614,Action
58628,Drama
58663,Action
58681,Action
58689,Action
58711,Action
58714,Action
58744,Action
58749,Action
58754,Action
58755,Comedy
58772,Drama
58774,Comedy
58779,Adventure
58797,Action
58811,Action
58812,Action
58822,Adventure
58844,Fantasy
58853,Comedy
58883,Drama
58894,Action
58913,Horror
58919,Drama
58920,Drama
58926,Avant Garde
58930,Drama
58939,Action
58978,Drama
59001,Comedy
59005,Adventure
59012,Comedy
59027,Action
59029,Action
59062,Action
59063,Action
59077,Action
59078,Action
59087,Action
59095,Adventure
59130,Adventure
59131,Adventure
59135,Comedy
59136,Fantasy
59142,Adventure
59144,Action
59145,Action
59150,Action
59162,Comedy
59169,Adventure
59175,Drama
59177,Action
59179,Comedy
59180,Action
59181,Comedy
59186,Action
59189,Action
59192,Action
59205,Action
59207,Comedy
59226,Action
59228,Action
59236,Adventure
59245,Action
59246,Action
59267,Action
59274,Adventure
59277,Comedy
59306,Action
59322,Fantasy
59327,Action
59342,Comedy
59349,Adventure
59361,Comedy
59363,Comedy
59385,Comedy
59389,Action
59390,Action
59391,Action
59398,Action
59402,Comedy
59406,Comedy
59408,Horror
59410,Action
59421,Drama
59424,Adventure
59433,Action
59434,Action
59452,Action
59457,Comedy
59466,Comedy
59484,Comedy
59489,Action
59493,Action
59505,Horror
59514,Action
59517,Comedy
59560,Action
59562,Action
59564,Horror
59571,Action
59593,Action
59596,Action
59597,Comedy
59612,Mystery
59622,Fantasy
59632,Comedy
59636,Drama
59644,Action
59654,Action
59662,Adventure
59675,Comedy
59688,Action
59689,Comedy
59730,Action
59744,Drama
59770,Adventure
59773,Adventure
59819,Action
59833,Adventure
59841,Action
59845,Drama
59846,Action
59848,Action
59891,Action
59897,Slice of Life
59908,Action
59914,Comedy
59915,Action
59916,Action
59935,Comedy
59938,Action
59939,Action
59944,Adventure
59945,Action
59953,Action
59957,Drama
59961,Fantasy
59967,Action
59969,Action
59977,Action
59980,Action
59989,Action
59990,Action
60009,Mystery
60020,Adventure
60022,Action
60057,Action
60063,Action
60083,Mystery
60084,Fantasy
60089,Action
60094,Horror
60108,Action
60137,Action
60140,Action
60143,Action
60154,Comedy
60157,Fantasy
60162,Fantasy
60168,Drama
60185,Comedy
60235,Action
60247,Action
60249,Adventure
60254,Comedy
60260,Action
60279,Action
60285,Action
60293,Slice of Life
60302,Slice of Life
60303,Action
60315,Comedy
60316,Action
60326,Comedy
60336,Action
60347,Action
60377,Comedy
60378,Drama
60401,Comedy
60408,Action
60416,Action
60418,Action
60420,Action
60427,Sci-Fi
60489,Drama
60505,Supernatural
60513,Action
60523,Fantasy
60526,Action
60529,Action
60531,Comedy
60541,Action
60543,Action
60544,Action
60557,Action
60558,Action
60562,Adventure
60564,Action
60567,Action
60570,Action
60572,Action
60577,Comedy
60582,Comedy
60595,Comedy
60619,Action
60624,Drama
60651,Action
60660,Action
60662,Boys Love
60665,Gourmet
60697,Drama
60725,Action
60732,Adventure
60735,Fantasy
60749,Comedy
60765,Fantasy
60774,Fantasy
60775,Comedy
60781,Comedy
60787,Action
60821,Comedy
60933,Comedy
60946,Adventure
60951,Action
60987,Adventure
60988,Action
61026,Action
61029,Comedy
61072,Adventure
61142,Sports
61150,Action
61159,Action
61180,Fantasy
61184,Comedy
61209,Comedy
61212,Action
61224,Action
61239,Comedy
61269,Action
61271,Comedy
61274,Comedy
61276,Action
61293,Comedy
61322,Adventure
61334,Action
61361,Action
61364,Action
61393,Action
61420,Action
61508,Action
61511,Boys Love
61564,Action
61566,Action
61592,Action
61595,Romance
61616,Action
61622,Action
61625,Fantasy
61674,Action
61730,Action
61748,Action
61773,Drama
61784,Action
61851,Comedy
61892,Action
61917,Romance
61921,Action
61930,Drama
61952,Adventure
61963,Adventure
62026,Action
62214,Comedy
62216,Action
62238,Adventure
62286,Comedy
62352,Action
62359,Romance
62394,Action
62405,Action
62419,Boys Love
62479,Adventure
62634,Boys Love
62653,Action
62807,Action
62863,Adventure
